Statistic,pyspoc.statistics.cov.Covariance.cov,pyspoc.statistics.cov.Covariance.cov,pyspoc.statistics.cov.Covariance.cov,pyspoc.statistics.cov.Covariance.cov,pyspoc.statistics.cov.Covariance.cov,pyspoc.statistics.cov.Covariance.cov,pyspoc.statistics.cov.Covariance.cov,pyspoc.statistics.cov.Covariance.cov,pyspoc.statistics.cov.Covariance.cov,pyspoc.statistics.cov.SpearmanR.sq,pyspoc.statistics.cov.SpearmanR.sq,pyspoc.statistics.cov.SpearmanR.sq,pyspoc.statistics.cov.SpearmanR.sq,pyspoc.statistics.cov.SpearmanR.sq,pyspoc.statistics.cov.SpearmanR.sq,pyspoc.statistics.cov.SpearmanR.sq,pyspoc.statistics.cov.SpearmanR.sq,pyspoc.statistics.cov.SpearmanR.sq,pyspoc.statistics.cov.SpearmanR.sq,pyspoc.statistics.cov.SpearmanR.standard,pyspoc.statistics.cov.SpearmanR.standard,pyspoc.statistics.cov.SpearmanR.standard,pyspoc.statistics.cov.SpearmanR.standard,pyspoc.statistics.cov.SpearmanR.standard,pyspoc.statistics.cov.SpearmanR.standard,pyspoc.statistics.cov.SpearmanR.standard,pyspoc.statistics.cov.SpearmanR.standard,pyspoc.statistics.cov.SpearmanR.standard,pyspoc.statistics.cov.SpearmanR.standard,pyspoc.statistics.cov.KendallTau.sq,pyspoc.statistics.cov.KendallTau.sq,pyspoc.statistics.cov.KendallTau.sq,pyspoc.statistics.cov.KendallTau.sq,pyspoc.statistics.cov.KendallTau.sq,pyspoc.statistics.cov.KendallTau.sq,pyspoc.statistics.cov.KendallTau.sq,pyspoc.statistics.cov.KendallTau.sq,pyspoc.statistics.cov.KendallTau.sq,pyspoc.statistics.cov.KendallTau.sq,pyspoc.statistics.cov.KendallTau.standard,pyspoc.statistics.cov.KendallTau.standard,pyspoc.statistics.cov.KendallTau.standard,pyspoc.statistics.cov.KendallTau.standard,pyspoc.statistics.cov.KendallTau.standard,pyspoc.statistics.cov.KendallTau.standard,pyspoc.statistics.cov.KendallTau.standard,pyspoc.statistics.cov.KendallTau.standard,pyspoc.statistics.cov.KendallTau.standard,pyspoc.statistics.cov.KendallTau.standard,pyspoc.statistics.causal.InformationGeometricConditionalIndependence.standard,pyspoc.statistics.causal.InformationGeometricConditionalIndependence.standard,pyspoc.statistics.causal.InformationGeometricConditionalIndependence.standard,pyspoc.statistics.causal.InformationGeometricConditionalIndependence.standard,pyspoc.statistics.causal.InformationGeometricConditionalIndependence.standard,pyspoc.statistics.causal.InformationGeometricConditionalIndependence.standard,pyspoc.statistics.causal.InformationGeometricConditionalIndependence.standard,pyspoc.statistics.causal.InformationGeometricConditionalIndependence.standard,pyspoc.statistics.causal.InformationGeometricConditionalIndependence.standard,pyspoc.statistics.causal.InformationGeometricConditionalIndependence.standard,pyspoc.statistics.distance.PairwiseDistance.standard,pyspoc.statistics.distance.PairwiseDistance.standard,pyspoc.statistics.distance.PairwiseDistance.standard,pyspoc.statistics.distance.PairwiseDistance.standard,pyspoc.statistics.distance.PairwiseDistance.standard,pyspoc.statistics.distance.PairwiseDistance.standard,pyspoc.statistics.distance.PairwiseDistance.standard,pyspoc.statistics.distance.PairwiseDistance.standard,pyspoc.statistics.distance.PairwiseDistance.standard,pyspoc.statistics.distance.PairwiseDistance.standard,pyspoc.statistics.distance.PairwiseDistance.manhattan,pyspoc.statistics.distance.PairwiseDistance.manhattan,pyspoc.statistics.distance.PairwiseDistance.manhattan,pyspoc.statistics.distance.PairwiseDistance.manhattan,pyspoc.statistics.distance.PairwiseDistance.manhattan,pyspoc.statistics.distance.PairwiseDistance.manhattan,pyspoc.statistics.distance.PairwiseDistance.manhattan,pyspoc.statistics.distance.PairwiseDistance.manhattan,pyspoc.statistics.distance.PairwiseDistance.manhattan,pyspoc.statistics.distance.PairwiseDistance.cosine,pyspoc.statistics.distance.PairwiseDistance.cosine,pyspoc.statistics.distance.PairwiseDistance.cosine,pyspoc.statistics.distance.PairwiseDistance.cosine,pyspoc.statistics.distance.PairwiseDistance.cosine,pyspoc.statistics.distance.PairwiseDistance.cosine,pyspoc.statistics.distance.PairwiseDistance.cosine,pyspoc.statistics.distance.PairwiseDistance.cosine,pyspoc.statistics.distance.PairwiseDistance.cosine,pyspoc.statistics.distance.PairwiseDistance.cosine,pyspoc.statistics.model_fits.LinearModelError.linear,pyspoc.statistics.model_fits.LinearModelError.linear,pyspoc.statistics.model_fits.LinearModelError.linear,pyspoc.statistics.model_fits.LinearModelError.linear,pyspoc.statistics.model_fits.LinearModelError.linear,pyspoc.statistics.model_fits.LinearModelError.linear,pyspoc.statistics.model_fits.LinearModelError.linear,pyspoc.statistics.model_fits.LinearModelError.linear,pyspoc.statistics.model_fits.LinearModelError.linear,pyspoc.statistics.model_fits.LinearModelError.linear,pyspoc.statistics.clustering.kmeans.statistics.KClusteringSimilarity.three-rbf,pyspoc.statistics.clustering.kmeans.statistics.KClusteringSimilarity.three-rbf,pyspoc.statistics.clustering.kmeans.statistics.KClusteringSimilarity.three-rbf,pyspoc.statistics.clustering.kmeans.statistics.KClusteringSimilarity.three-rbf,pyspoc.statistics.clustering.kmeans.statistics.KClusteringSimilarity.three-rbf,pyspoc.statistics.clustering.kmeans.statistics.KClusteringSimilarity.three-rbf,pyspoc.statistics.clustering.kmeans.statistics.KClusteringSimilarity.three-rbf,pyspoc.statistics.clustering.kmeans.statistics.KClusteringSimilarity.three-rbf,pyspoc.statistics.clustering.kmeans.statistics.KClusteringSimilarity.three-rbf,pyspoc.statistics.clustering.kmeans.statistics.KClusteringSimilarity.three-rbf,pyspoc.statistics.clustering.kmeans.statistics.KClusteringSimilarity.five-rbf,pyspoc.statistics.clustering.kmeans.statistics.KClusteringSimilarity.five-rbf,pyspoc.statistics.clustering.kmeans.statistics.KClusteringSimilarity.five-rbf,pyspoc.statistics.clustering.kmeans.statistics.KClusteringSimilarity.five-rbf,pyspoc.statistics.clustering.kmeans.statistics.KClusteringSimilarity.five-rbf,pyspoc.statistics.clustering.kmeans.statistics.KClusteringSimilarity.five-rbf,pyspoc.statistics.clustering.kmeans.statistics.KClusteringSimilarity.five-rbf,pyspoc.statistics.clustering.kmeans.statistics.KClusteringSimilarity.five-rbf,pyspoc.statistics.clustering.kmeans.statistics.KClusteringSimilarity.five-rbf,pyspoc.statistics.clustering.kmeans.statistics.KClusteringSimilarity.five-rbf,pyspoc.statistics.clustering.kmeans.statistics.KClusteringSimilarity.seven-laplacian,pyspoc.statistics.clustering.kmeans.statistics.KClusteringSimilarity.seven-laplacian,pyspoc.statistics.clustering.kmeans.statistics.KClusteringSimilarity.seven-laplacian,pyspoc.statistics.clustering.kmeans.statistics.KClusteringSimilarity.seven-laplacian,pyspoc.statistics.clustering.kmeans.statistics.KClusteringSimilarity.seven-laplacian,pyspoc.statistics.clustering.kmeans.statistics.KClusteringSimilarity.seven-laplacian,pyspoc.statistics.clustering.kmeans.statistics.KClusteringSimilarity.seven-laplacian,pyspoc.statistics.clustering.kmeans.statistics.KClusteringSimilarity.seven-laplacian,pyspoc.statistics.clustering.kmeans.statistics.KClusteringSimilarity.seven-laplacian,pyspoc.statistics.clustering.kmeans.statistics.KClusteringSimilarity.seven-laplacian,pyspoc.statistics.clustering.kmeans.statistics.KClusteringSimilarity.nine-inverse-distance,pyspoc.statistics.clustering.kmeans.statistics.KClusteringSimilarity.nine-inverse-distance,pyspoc.statistics.clustering.kmeans.statistics.KClusteringSimilarity.nine-inverse-distance,pyspoc.statistics.clustering.kmeans.statistics.KClusteringSimilarity.nine-inverse-distance,pyspoc.statistics.clustering.kmeans.statistics.KClusteringSimilarity.nine-inverse-distance,pyspoc.statistics.clustering.kmeans.statistics.KClusteringSimilarity.nine-inverse-distance,pyspoc.statistics.clustering.kmeans.statistics.KClusteringSimilarity.nine-inverse-distance,pyspoc.statistics.clustering.kmeans.statistics.KClusteringSimilarity.nine-inverse-distance,pyspoc.statistics.clustering.kmeans.statistics.KClusteringSimilarity.nine-inverse-distance,pyspoc.statistics.clustering.kmeans.statistics.KClusteringSimilarity.nine-inverse-distance,pyspoc.statistics.clustering.kmeans.statistics.KClusteringSimilarity.eleven-mahalanobis-rbf,pyspoc.statistics.clustering.kmeans.statistics.KClusteringSimilarity.eleven-mahalanobis-rbf,pyspoc.statistics.clustering.kmeans.statistics.KClusteringSimilarity.eleven-mahalanobis-rbf,pyspoc.statistics.clustering.kmeans.statistics.KClusteringSimilarity.eleven-mahalanobis-rbf,pyspoc.statistics.clustering.kmeans.statistics.KClusteringSimilarity.eleven-mahalanobis-rbf,pyspoc.statistics.clustering.kmeans.statistics.KClusteringSimilarity.eleven-mahalanobis-rbf,pyspoc.statistics.clustering.kmeans.statistics.KClusteringSimilarity.eleven-mahalanobis-rbf,pyspoc.statistics.clustering.kmeans.statistics.KClusteringSimilarity.eleven-mahalanobis-rbf,pyspoc.statistics.clustering.kmeans.statistics.KClusteringSimilarity.eleven-mahalanobis-rbf,pyspoc.statistics.clustering.kmeans.statistics.KClusteringSimilarity.eleven-mahalanobis-rbf,pyspoc.rstatistics.fractal.renyi.RenyiEntropy.zero,pyspoc.rstatistics.fractal.renyi.RenyiEntropy.one,pyspoc.rstatistics.dimreduce.pca.PCAVarianceExplainedRatio.three,pyspoc.rstatistics.dimreduce.pca.PCAVarianceExplainedRatio.three,pyspoc.rstatistics.dimreduce.pca.PCAVarianceExplainedRatio.three,pyspoc.rstatistics.dimreduce.orthopcae.rstatistics.OrthogonalPCAEVarianceExplainedRatio.three,pyspoc.rstatistics.dimreduce.orthopcae.rstatistics.OrthogonalPCAEVarianceExplainedRatio.three,pyspoc.rstatistics.dimreduce.orthopcae.rstatistics.OrthogonalPCAEVarianceExplainedRatio.three
Reducer,pyspoc.reducers.basic.SingularValues.three_1,pyspoc.reducers.basic.SingularValues.three_2,pyspoc.reducers.basic.SingularValues.three_3,pyspoc.reducers.basic.Determinant.scaled,pyspoc.reducers.basic.Determinant.non-scaled,pyspoc.rstatistics.ranks.EffectiveRank.standard,pyspoc.rstatistics.ranks.StableRank.standard,pyspoc.rstatistics.norms.SchattenNorm.two,pyspoc.rstatistics.norms.SchattenNorm.three,pyspoc.reducers.basic.SingularValues.three_1,pyspoc.reducers.basic.SingularValues.three_2,pyspoc.reducers.basic.SingularValues.three_3,pyspoc.reducers.basic.Determinant.scaled,pyspoc.reducers.basic.Determinant.non-scaled,pyspoc.rstatistics.ranks.EffectiveRank.standard,pyspoc.rstatistics.ranks.StableRank.standard,pyspoc.rstatistics.norms.SchattenNorm.one,pyspoc.rstatistics.norms.SchattenNorm.two,pyspoc.rstatistics.norms.SchattenNorm.three,pyspoc.reducers.basic.SingularValues.three_1,pyspoc.reducers.basic.SingularValues.three_2,pyspoc.reducers.basic.SingularValues.three_3,pyspoc.reducers.basic.Determinant.scaled,pyspoc.reducers.basic.Determinant.non-scaled,pyspoc.rstatistics.ranks.EffectiveRank.standard,pyspoc.rstatistics.ranks.StableRank.standard,pyspoc.rstatistics.norms.SchattenNorm.one,pyspoc.rstatistics.norms.SchattenNorm.two,pyspoc.rstatistics.norms.SchattenNorm.three,pyspoc.reducers.basic.SingularValues.three_1,pyspoc.reducers.basic.SingularValues.three_2,pyspoc.reducers.basic.SingularValues.three_3,pyspoc.reducers.basic.Determinant.scaled,pyspoc.reducers.basic.Determinant.non-scaled,pyspoc.rstatistics.ranks.EffectiveRank.standard,pyspoc.rstatistics.ranks.StableRank.standard,pyspoc.rstatistics.norms.SchattenNorm.one,pyspoc.rstatistics.norms.SchattenNorm.two,pyspoc.rstatistics.norms.SchattenNorm.three,pyspoc.reducers.basic.SingularValues.three_1,pyspoc.reducers.basic.SingularValues.three_2,pyspoc.reducers.basic.SingularValues.three_3,pyspoc.reducers.basic.Determinant.scaled,pyspoc.reducers.basic.Determinant.non-scaled,pyspoc.rstatistics.ranks.EffectiveRank.standard,pyspoc.rstatistics.ranks.StableRank.standard,pyspoc.rstatistics.norms.SchattenNorm.one,pyspoc.rstatistics.norms.SchattenNorm.two,pyspoc.rstatistics.norms.SchattenNorm.three,pyspoc.reducers.basic.SingularValues.three_1,pyspoc.reducers.basic.SingularValues.three_2,pyspoc.reducers.basic.SingularValues.three_3,pyspoc.reducers.basic.Determinant.scaled,pyspoc.reducers.basic.Determinant.non-scaled,pyspoc.rstatistics.ranks.EffectiveRank.standard,pyspoc.rstatistics.ranks.StableRank.standard,pyspoc.rstatistics.norms.SchattenNorm.one,pyspoc.rstatistics.norms.SchattenNorm.two,pyspoc.rstatistics.norms.SchattenNorm.three,pyspoc.reducers.basic.SingularValues.three_1,pyspoc.reducers.basic.SingularValues.three_2,pyspoc.reducers.basic.SingularValues.three_3,pyspoc.reducers.basic.Determinant.scaled,pyspoc.reducers.basic.Determinant.non-scaled,pyspoc.rstatistics.ranks.EffectiveRank.standard,pyspoc.rstatistics.ranks.StableRank.standard,pyspoc.rstatistics.norms.SchattenNorm.one,pyspoc.rstatistics.norms.SchattenNorm.two,pyspoc.rstatistics.norms.SchattenNorm.three,pyspoc.reducers.basic.SingularValues.three_1,pyspoc.reducers.basic.SingularValues.three_2,pyspoc.reducers.basic.SingularValues.three_3,pyspoc.reducers.basic.Determinant.scaled,pyspoc.rstatistics.ranks.EffectiveRank.standard,pyspoc.rstatistics.ranks.StableRank.standard,pyspoc.rstatistics.norms.SchattenNorm.one,pyspoc.rstatistics.norms.SchattenNorm.two,pyspoc.rstatistics.norms.SchattenNorm.three,pyspoc.reducers.basic.SingularValues.three_1,pyspoc.reducers.basic.SingularValues.three_2,pyspoc.reducers.basic.SingularValues.three_3,pyspoc.reducers.basic.Determinant.scaled,pyspoc.reducers.basic.Determinant.non-scaled,pyspoc.rstatistics.ranks.EffectiveRank.standard,pyspoc.rstatistics.ranks.StableRank.standard,pyspoc.rstatistics.norms.SchattenNorm.one,pyspoc.rstatistics.norms.SchattenNorm.two,pyspoc.rstatistics.norms.SchattenNorm.three,pyspoc.reducers.basic.SingularValues.three_1,pyspoc.reducers.basic.SingularValues.three_2,pyspoc.reducers.basic.SingularValues.three_3,pyspoc.reducers.basic.Determinant.scaled,pyspoc.reducers.basic.Determinant.non-scaled,pyspoc.rstatistics.ranks.EffectiveRank.standard,pyspoc.rstatistics.ranks.StableRank.standard,pyspoc.rstatistics.norms.SchattenNorm.one,pyspoc.rstatistics.norms.SchattenNorm.two,pyspoc.rstatistics.norms.SchattenNorm.three,pyspoc.reducers.basic.SingularValues.three_1,pyspoc.reducers.basic.SingularValues.three_2,pyspoc.reducers.basic.SingularValues.three_3,pyspoc.reducers.basic.Determinant.scaled,pyspoc.reducers.basic.Determinant.non-scaled,pyspoc.rstatistics.ranks.EffectiveRank.standard,pyspoc.rstatistics.ranks.StableRank.standard,pyspoc.rstatistics.norms.SchattenNorm.one,pyspoc.rstatistics.norms.SchattenNorm.two,pyspoc.rstatistics.norms.SchattenNorm.three,pyspoc.reducers.basic.SingularValues.three_1,pyspoc.reducers.basic.SingularValues.three_2,pyspoc.reducers.basic.SingularValues.three_3,pyspoc.reducers.basic.Determinant.scaled,pyspoc.reducers.basic.Determinant.non-scaled,pyspoc.rstatistics.ranks.EffectiveRank.standard,pyspoc.rstatistics.ranks.StableRank.standard,pyspoc.rstatistics.norms.SchattenNorm.one,pyspoc.rstatistics.norms.SchattenNorm.two,pyspoc.rstatistics.norms.SchattenNorm.three,pyspoc.reducers.basic.SingularValues.three_1,pyspoc.reducers.basic.SingularValues.three_2,pyspoc.reducers.basic.SingularValues.three_3,pyspoc.reducers.basic.Determinant.scaled,pyspoc.reducers.basic.Determinant.non-scaled,pyspoc.rstatistics.ranks.EffectiveRank.standard,pyspoc.rstatistics.ranks.StableRank.standard,pyspoc.rstatistics.norms.SchattenNorm.one,pyspoc.rstatistics.norms.SchattenNorm.two,pyspoc.rstatistics.norms.SchattenNorm.three,pyspoc.reducers.basic.SingularValues.three_1,pyspoc.reducers.basic.SingularValues.three_2,pyspoc.reducers.basic.SingularValues.three_3,pyspoc.reducers.basic.Determinant.scaled,pyspoc.reducers.basic.Determinant.non-scaled,pyspoc.rstatistics.ranks.EffectiveRank.standard,pyspoc.rstatistics.ranks.StableRank.standard,pyspoc.rstatistics.norms.SchattenNorm.one,pyspoc.rstatistics.norms.SchattenNorm.two,pyspoc.rstatistics.norms.SchattenNorm.three,pyspoc.reducers.basic.SingularValues.three_1,pyspoc.reducers.basic.SingularValues.three_2,pyspoc.reducers.basic.SingularValues.three_3,pyspoc.reducers.basic.Determinant.scaled,pyspoc.reducers.basic.Determinant.non-scaled,pyspoc.rstatistics.ranks.EffectiveRank.standard,pyspoc.rstatistics.ranks.StableRank.standard,pyspoc.rstatistics.norms.SchattenNorm.one,pyspoc.rstatistics.norms.SchattenNorm.two,pyspoc.rstatistics.norms.SchattenNorm.three,self,self,self_1,self_2,self_3,self_1,self_2,self_3
"('ECG5000_0', 'Time-Series', 'Bio')",15.736232013803646,9.748936236362157,8.143786332323685,4.6142117578436466e-23,2.1290950146222555e-45,9.158036140084292,1.7808095344354098,20.999525723865794,17.608896940152512,11.789672192661715,5.432009229825748,4.530289413542968,8.633919213373581e-13,7.454456098306146e-25,18.145163677187387,1.72272146508815,49.99999999999999,15.474237650862655,12.649156643348585,17.771592272667526,9.790506421132209,6.0737214910304225,9.082094248088347e-21,8.248443593115943e-41,9.14266382134617,1.5181235289467545,49.999999999999986,21.89676192494453,19.012658987646887,7.248636888843831,3.75818768922328,3.1440797533332985,6.296819679532671e-05,3.964993807654993e-09,32.195945781201665,2.2894385910581443,50.00000000000001,10.967833386170907,8.142539208843045,13.028322744433295,7.7019832627875555,4.828442298445959,4.4108035520373724e-10,1.94551879746655e-19,17.683354444042354,1.6705745046633682,50.0,16.839199149886518,14.179027658380088,3.5717920405483605,3.5717920405483596,9.242489462361012e-16,-0.0,-0.0,2.000000000000037,1.9999999999999984,7.143584081096723,5.051276745719763,4.500175977733841,4668.323655032183,931.8250197805334,594.0875636093689,-9.106094849371297e+42,-8.292096340574647e+85,9.429128056765958,1.0807240761303574,9336.647310064367,4853.090291456866,4686.201903595546,249461.23993927418,64181.75293975106,30762.56795605816,-1.313705826119014e+85,8.813957339653859,1.1024004840034634,498922.4798785482,261922.48005808328,251119.12809865695,47.42082663285024,15.544185100779385,9.556961431395948,-1.4707455657457351e-21,-2.1630925191607425e-42,6.058625307810714,1.1799355400043265,94.8416532657005,51.5107960416568,48.148491009357144,41.33201353163385,7.42786492795386,4.934833745233938,-5.613249351342002e-14,-3.1508568280341407e-27,8.715488280209934,1.0803567903571825,82.6640270632677,42.96058295184743,41.4662461554218,1.374899985783031,0.9671102919199756,0.6579897222969929,0.9353692990765303,0.8749157256549197,2.8727887688649,1.7238092482579375,2.9999999999999996,1.805160037861517,1.558909440411742,1.9120870531130103,1.001732815316568,0.979952860964428,0.6759664155959478,0.4569305950136337,4.361254072599313,1.7386721670797083,5.000000000000001,2.5212534867486416,2.116636282746477,2.905364829831905,1.0180740670248416,0.8885544609715657,0.42015787036361285,0.17653263602848648,5.377356569649566,1.378286284345788,7.0,3.410911035827772,3.0083945221345387,7.676872253168714,0.3832152554732693,0.2517916304126715,0.0008735987510945298,7.631747779139223e-07,2.0006386877370277,1.0052937379771472,9.000000000000002,7.697165107450262,7.677383706690985,8.130961175241534,0.721969417094624,0.6654192379655928,0.0007334736542757275,5.379836015165894e-07,2.975184760083094,1.0206694522219955,10.999999999999998,8.214562642394032,8.135012412551973,1.6395366340101634,4.477243583161148,0.3147246402760729,0.19497872472724342,0.16287572664647368,0.0,0.0,0.0
"('ECG5000_1', 'Time-Series', 'Bio')",15.184740191364254,10.992865006613547,6.156275070772792,3.6241071687604966e-24,1.313415277066122e-47,9.35223276675991,1.8560722434582446,20.687347215060285,17.313978895038268,11.448776547110006,6.071392688517859,4.392320215384109,1.6620702547001573e-13,2.7624775315590454e-26,18.15530947423366,1.7932521967965904,50.0,15.331327637888638,12.436507545378289,17.19845082258637,10.360159910052113,5.658527226796835,8.247898848106093e-22,6.802783540858982e-43,9.242004505284815,1.5768849739951087,50.0,21.596796512571345,18.63362462195847,7.285698164313338,4.532647224926668,3.1157220611411467,3.0017062365236653e-05,9.010240330385068e-10,31.43406876514567,2.345953029172735,50.00000000000001,11.159142701137265,8.319015744382337,12.55017321668127,8.383919092015908,4.542426037665027,2.0198023951228172e-10,4.0796017153438685e-20,17.61185809381839,1.776655051773901,50.000000000000014,16.72827955222085,13.971979799492805,3.74278886637679,3.742788866376788,9.569680414371734e-16,0.0,0.0,2.000000000000037,1.9999999999999978,7.485577732753581,5.293102775929077,4.715618478060286,4679.3229548437985,838.44360271864,680.8139023545733,-5.713449329823844e+42,-3.264350324446453e+85,9.492624970454655,1.0769306977748327,9358.645909687595,4855.980101393434,4695.086902991952,250593.2582813983,58968.11777703646,33513.129339430285,-9.64981268141047e+84,8.930306311076869,1.094751863341544,501186.5165627968,262196.7049128683,251969.4187906454,47.59690146901361,13.975238048467688,10.785955201582984,-1.097813137549066e-22,-1.2051936849753245e-44,6.1613341873231,1.1679553856377143,95.19380293802719,51.43891602785957,48.21917445280158,41.612296847907956,7.465566268218619,4.624940016698267,-1.0168148409652453e-14,-1.033912420807177e-28,8.753101351026537,1.0780892112247598,83.22459369581593,43.20649510246785,41.741199369954806,1.3840580147718995,0.9390116736653948,0.6769303115627058,0.9379606602257217,0.8797702001310717,2.8760078880812925,1.6995019662120203,3.0,1.8043265109859132,1.559049979382672,1.92994070061329,1.0107593840358893,0.9377294131347528,0.6680122316490964,0.44624034163280596,4.345348248693717,1.7171083661378659,5.0,2.528964989963112,2.127943098952337,3.160660215515662,1.0232470049252507,0.8503949156778244,0.35349999728541576,0.12496224808078893,5.070370146075249,1.288081121917166,7.0,3.5871490087378426,3.238716451546648,7.77702386427616,0.30498511244541365,0.2557092771685627,0.0007241807256988528,5.244377234737171e-07,1.928325621935335,1.0041629794516127,8.999999999999996,7.79319484715887,7.777360393654354,8.364422649931052,0.69364787787118,0.4847759675946543,0.0007091872251209594,5.029465202747664e-07,2.821964071551388,1.0154819279385479,10.999999999999998,8.428922657015198,8.367078296173831,1.347133874754142,3.9393784959626195,0.30369480382728486,0.21985730013227078,0.12312550141545574,0.0,0.0,0.0
"('ECG5000_2', 'Time-Series', 'Bio')",17.898058157911834,10.320076968325324,6.954018374041452,2.5000416431709323e-23,6.250208217588816e-46,8.490169021623196,1.5581708400913736,22.34155777719297,19.33359941238185,13.275577270894445,5.851434691620232,3.9426816866046366,3.9259014862765555e-13,1.5412702479948468e-25,17.075421451555286,1.5370291065629058,49.99999999999999,16.45865950802131,13.939643468113536,19.422945166720968,9.307722509610814,5.934584118083783,7.220037899287598e-21,5.212894726714928e-41,8.778627104336586,1.3847325677554352,49.99999999999999,22.855884745882417,20.326817244226575,8.25853911973,3.926262988623123,2.823071597052126,3.0982126701039575e-05,9.598921749192694e-10,30.833872529563827,1.9565095120051903,50.000000000000014,11.551655061544658,8.944809518873592,14.340226847053676,7.318896255172527,4.715599296815023,2.4394271368348744e-10,5.950804755926394e-20,17.00890551217787,1.4987026928264913,49.99999999999999,17.55552272244027,15.176096695327834,4.129291269785422,4.129291269785422,1.0107265608020248e-15,0.0,0.0,2.0000000000000377,2.0000000000000004,8.258582539570847,5.8396997167193625,5.202580991949782,4663.417063372581,1073.1458058368423,551.3137834850459,-3.4870933891731275e+42,-1.215982030481493e+85,9.144088821126132,1.0908823076714147,9326.834126745163,4870.720474450509,4687.206003493493,252454.65902980886,74628.08741897825,26736.89494142996,-4.034332133071672e+84,8.4112095044962,1.1199637202075015,504909.3180596179,267168.5707879396,254817.56389541776,47.777231784703936,17.83590378804811,8.61124769859666,-4.325617122284393e-22,-1.871096348859991e-43,5.81737488696056,1.202904857135524,95.55446356940789,52.400643744731894,48.73585751239413,40.29572127776707,8.375209206815441,4.2384026379981785,-1.4998594159257057e-14,-2.249578267540999e-28,8.510508721228621,1.0881926567471396,80.59144255553417,42.03507526155876,40.46341590869465,1.318529738886272,0.9583820888645624,0.7230881722491653,0.9558944453553547,0.9137341906612213,2.9119053139858013,1.8290685040709835,2.9999999999999996,1.7832199543047238,1.5255809516639474,1.9356519900037439,0.9989511386773403,0.9653522597104125,0.6452355000230736,0.41632885049002577,4.314468135402957,1.718978097428518,5.000000000000001,2.5378295501001173,2.135889635118251,2.937373506661945,0.9987810332137118,0.8975337626217041,0.4213216141567243,0.17751190255562765,5.361289472451519,1.3610935686159664,7.0,3.4269136739037642,3.0340765275206296,7.6018612831234105,0.3826961898516652,0.3171836943222465,0.0010879006490025053,1.1835278221000722e-06,2.061901037217455,1.006007980349774,9.000000000000002,7.6246630029440965,7.602465990032553,8.156746999756098,0.7694169411724149,0.6695414571132229,0.0006174660888143206,3.812643708356544e-07,2.929478825037364,1.0212522621824875,10.999999999999998,8.242965983862755,8.161150510654023,1.631574053124526,4.460323179096895,0.35796116315823656,0.20640153936650632,0.13908036748082897,0.0,0.0,0.0
"('scm1d_0', 'Time-Series', 'Industrial')",12.928055286433914,7.121256173848929,5.433594909479903,1.3347949949180812e-15,1.7816776784583604e-30,14.980267299014582,1.740529836411313,17.055872345759308,14.086456824044497,7.258257097400955,5.9032349634701085,5.082644833434758,9.547437379591054e-09,9.11535605172125e-17,25.24580868064911,2.9726256523484595,50.0,12.514181746626937,9.296853765779412,14.069301214442435,6.48053179521203,5.290803950100923,2.6668890663454985e-15,7.112297292193164e-30,14.77917933104863,1.559455205780685,50.0,17.569482911376625,14.897276808350394,4.657861059303232,4.093329997502339,3.609309903041634,0.0012573369618421636,1.5808962356144826e-06,37.24169668625495,4.2089471683554045,50.0,9.555936758349246,6.459905581499529,10.416919403279648,5.3575213972322375,4.468467922900005,9.93930196878079e-08,9.87897236266097e-15,23.737953548867207,1.7897358753961086,50.0,13.935860034277512,11.301799714862316,136.90717694421824,136.90717694421818,3.263956916795273e-14,-0.0,-0.0,2.0000000000000364,2.0000000000000027,273.81435388843653,193.6159864207265,172.49223411370252,5951.525799738979,696.3958378894033,580.6455333919625,-8.294956103819385e+48,-6.880629676429047e+97,11.327782646033743,1.0460982490232404,11903.05159947796,6087.157770257804,5958.514407123347,410274.0478307628,51280.52492409846,45099.408711028234,-2.748748971829694e+93,10.676541076738019,1.053456141300175,820548.0956615257,421097.12456049334,410902.1400536691,37.98516351600965,7.153039405795607,5.475219981129398,-3.760296331424566e-15,-1.413982850012505e-29,8.46743116915199,1.0886019899757422,75.97032703201931,39.63223479913419,38.135950697663716,44.24849726022082,5.288807053506184,4.732819320504437,-8.254250047747992e-08,-6.8132643850747736e-15,10.50307343841038,1.0529898597389287,88.49699452044166,45.40572562893508,44.31237559864305,1.9836942809323894,0.6052788178383175,0.411026901229293,0.7025063139469285,0.49351512113530055,2.3840613276259295,1.1360355047785176,3.0,2.114319881442204,2.0080602961892993,2.5378072509467877,1.0000000105446991,0.7033858496641374,0.4735290947817873,0.22422980360485886,3.756333209114726,1.2824810999381129,5.0,2.873982508975049,2.6131298982575952,3.6452676900277003,0.9851431736512863,0.703067172408986,0.2648535066929313,0.07014738000754259,4.542764392109944,1.1645702978022108,6.999999999999998,3.9338000441066288,3.68565261114712,7.77804412539179,0.4416612918092968,0.18398655816435,0.0006796674564835073,4.619478514027602e-07,1.9136376747476178,1.0048593286788907,9.000000000000002,7.7969192595025305,7.778595746451383,7.538812532353963,0.9965710430056142,0.9851676106967916,0.0014986535018943691,2.2459623187402556e-06,3.396196078204947,1.040621817672654,11.0,7.69040846571072,7.550736831128197,0.7822309306541478,2.6601630528817206,0.2585611057286782,0.14242512347697858,0.10867189818959785,0.0,0.0,0.0
"('scm1d_1', 'Time-Series', 'Industrial')",14.617475388826659,8.400143214643316,4.278344712831504,1.2805119649207138e-17,1.6397108923051072e-34,12.81645960663287,1.6277593352432407,18.649511849851272,15.787586936018009,9.07343663564086,5.513661506199787,4.940934494130371,5.2227390973948745e-11,2.7277003679457027e-21,21.052957150664625,2.366781105770292,49.99999999999999,13.958889118597842,10.689483892615677,16.26562206332529,6.942893327996536,5.041689770912713,1.006240494863313e-17,1.012519933502765e-34,12.284110107582238,1.4365467554950266,49.999999999999986,19.49532860720717,16.981059788667327,5.7547235584491805,3.908476076625286,3.661430800449418,0.00012149447482027567,1.4760907411854598e-08,33.59139381925931,3.2776053983936455,49.99999999999999,10.418442501740438,7.316185916423167,12.084102718003852,5.618262850747498,4.241784169258927,4.415218744872478e-09,1.9494156565073302e-17,20.544858644842744,1.620370462365927,50.0,15.382310273014667,12.853882468872886,145.0150231547302,145.01502315473013,3.1765613491039857e-14,-0.0,-0.0,2.000000000000033,1.9999999999999978,290.03004630946043,205.0822124932678,182.7074802236369,5795.06571661835,843.5743289767888,523.98665715111,-1.1978859825705025e+48,-1.4349308272388981e+96,10.92519226322705,1.0531012994428368,11590.1314332367,5946.9383947102515,5804.721523262651,402166.19826140924,65575.5561048867,43290.71774280425,-2.0904631706448722e+92,10.132000612188861,1.0644438348937346,804332.3965228185,414922.4572166804,403125.09148379083,36.270310067705694,8.639791374003563,4.2982938376299975,-3.414669968120288e-17,-1.165997099118261e-33,7.939391143829835,1.1063808712737895,72.5406201354114,38.15079545230125,36.48932700131329,43.12881408958601,6.523949100855396,4.797358253265066,-2.072098262124489e-09,-4.293591207899328e-18,9.864461506295944,1.063773917443631,86.25762817917202,44.48280706673399,43.222475839996335,1.9017872278520236,0.7506472913364769,0.3475654808114994,0.7043965863826148,0.4961745509074805,2.4237820374189574,1.1891932453357825,3.0,2.0739015838423005,1.9437078502038228,2.5080057551756183,1.0000000021851614,0.7714853704453737,0.4808122706520979,0.23118043960962625,3.7794325518598297,1.2981455043507661,5.0,2.85752616410336,2.5888352726185153,3.4960535466080507,0.983941425840122,0.7386153882725318,0.3087096661830693,0.09530165799486205,4.748462959879264,1.1903581293728216,7.0,3.814317995907259,3.5427662129934974,7.743106037524605,0.45897490328577023,0.21565403605198402,0.0007008574582190387,4.912011767412515e-07,1.9364118262444856,1.0053147282046622,8.999999999999996,7.7636550226625545,7.74373815720994,7.73849580733963,0.9999999999764952,0.9716188553349042,0.0005435198429440216,2.954138196738938e-07,3.1513713110498855,1.0373593116622155,10.999999999999996,7.881722796200856,7.7495691738717145,2.1354138875264064,6.3735291579161455,0.2923495077765332,0.16800286429286643,0.08556689425663007,0.0,0.0,0.0
"('scm1d_2', 'Time-Series', 'Industrial')",13.052902626461112,7.13828028273364,5.371306176260227,4.492162084791442e-16,2.01795201960378e-31,14.9253209247832,1.7171539365865476,17.104552371997883,14.181885158877314,7.552019020465193,6.173765835368735,3.966722348526396,2.842691721222699e-08,8.080896221908071e-16,25.941230551323443,2.684046877123634,49.99999999999999,12.372518828144083,9.289652445545983,13.470356192794526,7.3104428841845985,5.202496085311663,1.5584373937750487e-14,2.4287271103163663e-28,15.359009241445143,1.6405595313522892,50.0,17.253415331957367,14.50290655407638,4.9715847064580805,4.048965405060898,2.7086574901695015,0.0018475761179547188,3.4135375116366285e-06,37.872514084996766,3.6005610453669354,50.0,9.433653764106781,6.3925747518363165,10.060968553855558,5.900579996539401,4.193434619910666,1.8319137844378148e-07,3.3559081136132766e-14,24.362161116919626,1.8578566952927749,49.99999999999999,13.713423795974467,11.063532857978995,127.43866356299476,127.43866356299476,2.2369749412542615e-14,0.0,0.0,2.00000000000003,1.9999999999999964,254.8773271259896,180.22548638148916,160.56265479348784,5970.111856126199,758.7982509601748,567.4116806929305,-6.391487061797303e+48,-4.0851106861122324e+97,11.263328951864969,1.0472590402586353,11940.2237122524,6109.554273479299,5977.739697566734,402094.61431786045,55363.896675656164,45632.970731828056,-5.626767938676209e+92,10.462571574287253,1.0567191179061513,804189.2286357209,413340.5742478707,402804.1098986293,38.31143460391259,7.399621152149441,5.726572881702843,-1.2600442802023019e-15,-1.587711588070537e-30,8.415475671565142,1.0902570702699765,76.62286920782518,40.00302841466064,38.47269346587456,44.239599896129775,6.266538831477987,4.358921128652301,-3.589158103162265e-08,-1.2882055889495348e-15,10.413253423802953,1.0547861093241502,88.47919979225955,45.43529911253256,44.31240783883603,1.8544500432826767,0.6382464129915928,0.5073035437257307,0.7748822425906976,0.6004424898823887,2.52727265513015,1.1932882453162688,3.0,2.0257591989682386,1.8915580188403114,2.3452706269535843,1.000000116641949,0.8483728128570999,0.5163940634963982,0.2666628288143221,3.933042648493524,1.3821430572988551,5.0,2.757207572656339,2.45023582361282,3.4089081487904354,0.9884488285667147,0.7576090096912506,0.3085832799538689,0.09522364066708783,4.813846832839274,1.2140472306219947,6.999999999999999,3.7560649272552356,3.4630599521480305,7.74118439221785,0.45204459499438254,0.2289024372599778,0.0006255703082721961,3.9133821059177044e-07,1.9332206419681535,1.005380171025919,9.000000000000002,7.761980905527848,7.741812901394316,7.557804937650526,0.9455114781580779,0.91381817802222,0.0011172672508238384,1.248286109763458e-06,3.3725025015675563,1.0387422065033385,10.999999999999998,7.702816783974928,7.5682512534782695,3.3388907343063323,8.422919627985417,0.26105805252922204,0.14276560565467267,0.10742612352520425,0.0,0.0,0.0
"('year_0', 'Tabular', 'Benchmarking/Artificial')",6.7985914798082465,4.400943194973522,3.3807277960673767,4.882384313264547e-05,2.3837676582411723e-09,32.94494924938633,2.4906538918858208,10.729404934498298,7.883568817812846,3.60768990410415,1.803013507253216,1.621390737529522,0.13202286268336816,0.017430036271111487,46.06156406041088,4.642690861654536,50.000000000000014,7.773454921263013,4.618752868053403,6.701725484542601,3.910292811501284,3.355414181151556,0.00010038677021984313,1.0077503635171582e-08,33.917347775234234,2.453780862404643,50.0,10.497950528350545,7.672864285481186,2.424303245114222,1.4060803968164461,1.3136231742300113,0.5478728141140734,0.3001646204452741,48.70390403135607,9.037228442478895,50.00000000000001,7.287936384288531,3.9590645403996305,5.03311786315636,3.0134422914269967,2.6380432361141493,0.013983407669230176,0.00019553569004388533,40.82085820601994,3.1520901351398636,50.00000000000001,8.935861204493484,6.007682157708895,4.373099861024214,4.3730998610242136,1.1536754496509575e-15,-0.0,-0.0,2.000000000000038,2.0000000000000027,8.74619972204843,6.18449713307234,5.509760568196751,6893.957361395773,560.4861619428341,375.6742651544766,-2.5560503579874214e+53,-6.533393432567625e+106,13.135728580048005,1.027573092453832,13787.91472279155,6988.35493967253,6896.553217165452,476309.91450161993,41630.48580561776,25151.250039986004,-1.7763912995116175e+99,13.036203074858353,1.0285506916224803,952619.8290032397,483061.55141560064,476509.8365469544,48.87041898538727,6.612892228365448,4.284678053719711,-0.0004400458397385068,-1.9364034107116757e-07,11.400956487953835,1.0462722139944896,97.74083797077455,49.98830469752882,48.934045269409594,47.721321208459884,2.738471000552607,1.7653785162288615,-0.7336599837168607,-0.5382569717074244,13.57656671228441,1.0231942228193698,95.44264241691974,48.271578280773774,47.73141516178278,2.157535111657135,0.498894262194537,0.34357062614832834,0.6081226842735168,0.3698131991280274,2.1892919080933835,1.0788269795508538,3.0000000000000004,2.240958281190427,2.169267074539668,3.045165205273868,0.9524551070719081,0.5450292068211188,0.2825782358122066,0.07985045935473903,3.1270096484264265,1.1415255938700337,5.0,3.2535215328460234,3.0825314140823115,3.959785139309336,0.9234042084568761,0.6244876694558995,0.1875135412994351,0.035161328170654954,4.130147596799339,1.1186403110055485,7.0,4.188098180106877,3.9873793572058642,7.903201550834031,0.32448125819253615,0.23030103143469446,0.00041233578210216217,1.7002079720180178e-07,1.8199044974326308,1.003477301852117,8.999999999999998,7.916930534931118,7.903487904722889,7.854181780233179,0.7569314158407915,0.6975360150281945,0.0007313606239650013,5.348883622864761e-07,3.1673443478826635,1.0274442455747175,11.0,7.961228345105901,7.859995954365178,15.920171333253027,0.011089606977030866,0.13597182959616474,0.08801886389947035,0.06761455592134752,0.0,0.0,0.0
"('year_1', 'Tabular', 'Benchmarking/Artificial')",5.068183263838671,3.9822080848506856,3.140517096185745,0.0002576411579151868,6.637896625187821e-08,35.71497582055005,3.717154651651025,9.771418758224357,6.626275417440119,2.877830671768172,1.5770041230462244,1.4748616460588293,0.27194210249040696,0.07395250710690299,47.4683931327568,6.769170052213736,50.0,7.487432999292918,4.205291276586264,5.458902582492463,3.55638302576283,3.1782669591374133,0.00048660004631025013,2.3677960506913756e-07,36.20915498511203,3.2027552791348866,50.0,9.76938493255953,6.72266758114824,1.9799766443014026,1.3034171900298872,1.2469773852640267,0.6872312067255917,0.47228673149751293,49.22494515922827,13.19201233877844,49.99999999999999,7.191435536096618,3.8251653905359264,4.1258106411308155,2.774876120423102,2.512685076357083,0.02711310672367708,0.0007351205562095034,42.36392355245593,4.245979507512311,50.0,8.501552450238462,5.393394862827498,3.8756250542994533,3.8756250542994524,1.2318935959067685e-15,-0.0,-0.0,2.0000000000000417,1.9999999999999964,7.75125010859891,5.480961514463249,4.882981587411841,6874.0184832922205,405.3545891133132,357.4302991307272,-3.991110840639061e+53,-1.592896574226663e+107,13.343514237384342,1.025187206041364,13748.036966584445,6960.048796207012,6875.873005136051,468993.94993885944,32265.24311673882,23723.264995852514,-1.9796884578053093e+99,13.227981325080627,1.0262507043177136,937987.8998777189,475109.78445093636,469139.01222287,48.48243757322321,4.585037282365658,3.9587851617323455,-0.001990399531721302,-3.961690295876378e-06,11.897942992199454,1.037932364438187,96.96487514644642,49.39340592737914,48.51838786589931,48.0967904691854,1.9853759052058535,1.5783804002628439,-1.620998600689678,-2.6276364634378937,13.741928383813823,1.02193123573846,96.19358093837084,48.62134108146249,48.105075899484895,2.255703670316276,0.46522177465956666,0.2790745550241578,0.5411668188760907,0.2928615258524676,2.0634174895986566,1.057842451540671,3.0000000000000004,2.320024343656257,2.26369542358885,3.2844602911260496,0.6778369737298902,0.5100389955870572,0.22797805923187628,0.051973995491132886,2.9182841303618887,1.0840300387929989,4.999999999999999,3.419673745079639,3.3004066945817567,3.9627984782535584,0.8120441593042429,0.6828451033714994,0.2029366384328512,0.04118327921842578,4.175442969977099,1.112361276472241,6.999999999999999,4.179505667156567,3.9867062878429635,7.993082286383625,0.24357061201273553,0.21201080497817132,0.0003940710260686639,1.552919735868096e-07,1.7639723236207334,1.0025461193279896,8.999999999999996,8.003251488148138,7.9932434121999725,7.580751927226448,0.7513625493073584,0.7451662896998028,0.0015551065069092872,2.4183562478316053e-06,3.429198598538047,1.0333147461244123,11.000000000000002,7.705992794067374,7.588004076894781,15.225274112408197,0.0009830769560707554,0.10136366527677342,0.07964416169701356,0.06281034192371494,0.0,0.0,0.0
"('year_2', 'Tabular', 'Benchmarking/Artificial')",6.8047626403439825,4.553317100996878,3.239481058162568,3.795975108888233e-05,1.4409427027299033e-09,32.61566926439085,2.518742682218234,10.799530662429754,7.935481063685138,3.6077296272607366,1.9168953707147354,1.8816736862975667,0.11364423695062265,0.012915012592089265,45.75823523110173,4.702119790643628,50.00000000000001,7.823135048356378,4.664110295910117,6.813008093824428,4.015685288450898,3.3552114516238096,8.229211504367132e-05,6.771992198360834e-09,33.49655024249921,2.4293327475174498,49.99999999999999,10.618970324605401,7.797370989922349,2.4207218207858596,1.4774960206234151,1.452368526898316,0.5223471627612513,0.27284655844472916,48.60495181614127,9.101623788536347,49.99999999999999,7.303050858712442,3.9744674597382783,5.1038921628881395,3.0816445491879865,2.662691637603652,0.012453372264565466,0.00015508648075984838,40.54611050222282,3.112283310577383,50.0,9.004115386565955,6.085138096756465,4.472329729454492,4.472329729454492,1.0464779138185922e-15,0.0,0.0,2.0000000000000373,2.0000000000000027,8.944659458908987,6.3248293587989375,5.634782368210357,6878.310530823388,544.0021748077301,395.2991084879488,-2.217164871711873e+53,-4.915820068353126e+106,13.115829232232889,1.0276456956562114,13756.62106164678,6972.740176693601,6880.883204410977,477574.8801033845,40831.41515737768,26597.753017810588,-1.7253338353685811e+99,13.013870495488046,1.0286382746063487,955149.7602067688,484365.0687271964,477774.00861267955,48.67175214536507,6.385789907052654,4.529187642032059,-0.0003360218870530383,-1.1291070857868486e-07,11.370589839728373,1.0462658353202736,97.34350429073011,49.78494169622455,48.73374970233721,47.690563178449665,2.72133646073101,1.919541395514243,-0.6542423822579191,-0.42803309474251716,13.542846041247765,1.0234306799789081,95.38112635689933,48.24603938366531,47.70092435895671,2.1665794202016175,0.5008321030315278,0.33258847676685477,0.6007406019577229,0.36088927084052735,2.176528977685045,1.0770010180371385,3.0,2.2484470806194787,2.1780518779282456,3.0923464541802597,0.8359232801153395,0.5493069105307183,0.2559519770310503,0.0655114145461033,3.0934843250748196,1.1235184557890052,5.000000000000001,3.277768294484369,3.120674499825088,3.8709235886575066,0.8618514714857719,0.7681309681755201,0.21171435617845732,0.044822968612058686,4.258329845696782,1.1284333490701155,7.000000000000001,4.111994781131495,3.9004239834421286,7.937155929518144,0.3179955930532594,0.23636110211502057,0.0003689986920941429,1.3616003476718806e-07,1.7928509364917062,1.0032782819425496,9.000000000000002,7.950155401731271,7.937424081424837,7.785052200816339,0.8741081283487584,0.7752654784612636,0.0006453706049237573,4.165032176996564e-07,3.1948412947222846,1.0306844711549175,11.0,7.903589859782486,7.792316593441641,11.669800090629735,0.006271737930759794,0.13609525280687954,0.09106634201993752,0.06478962116325132,0.0,0.0,0.0
"('year_3', 'Tabular', 'Benchmarking/Artificial')",7.0225496562497565,4.224944562885634,3.6437942202527465,4.359036906249832e-05,1.900120275004811e-09,32.65875964408878,2.38685260747217,10.849447420541434,8.041970595124905,3.6339716070800963,1.7914921728387088,1.6025599061401106,0.132013945403886,0.017427681781100192,46.03638972040979,4.585111395252203,50.0,7.781377330658858,4.632435268118169,6.739138421346559,3.839676905846417,3.3443366690848824,9.849772702774334e-05,9.70180222963184e-09,33.91579848863725,2.4271598249520507,49.99999999999999,10.499136070969502,7.682931506057311,2.43523383522448,1.4005998263103674,1.304207821756835,0.547287281210407,0.2995233681746791,48.6975807359254,8.960559883655879,49.99999999999999,7.289676278854444,3.962073044622338,5.059042881990523,2.9691294664005494,2.629824576446636,0.013882390363037784,0.0001927207621917643,40.81339513652506,3.1217535194229193,50.00000000000001,8.938562180693765,6.015232099518861,4.07010759860158,4.070107598601579,7.670171480374204e-16,0.0,0.0,2.0000000000000364,2.0000000000000053,8.140215197203162,5.7560013662601435,5.128014238815203,6892.742873458822,574.8176737910745,365.8263367445454,-2.3908671718649093e+53,-5.716245833501309e+106,13.11037599526492,1.0278776311410365,13785.485746917644,6988.159121527327,6895.438093378684,475889.3853338319,42231.88182490228,24833.245254689497,-1.6801628888530532e+99,13.022692614034096,1.0287243891344389,951778.7706676639,482675.8123118876,476093.5203610434,48.86883129894431,6.812949042548295,4.142782717310048,-0.0003885562096931122,-1.5097592809107777e-07,11.349152545312482,1.0473102728238932,97.73766259788864,50.01147168510092,48.93624196242299,47.67088277429611,2.707057184870964,1.8197585041069237,-0.6887782498151303,-0.47441547741839396,13.566984349352788,1.0232472574922715,95.3417655485922,48.22180793837175,47.6810017790878,2.1361686891356975,0.5231429171708265,0.34068839369347587,0.6170304785272641,0.3807266114315846,2.2109365402236785,1.085410604339409,2.9999999999999996,2.2255255023987406,2.1494331848167763,2.7994541901920953,0.9894486103701696,0.6338118314273774,0.32557932556080577,0.10600189723262914,3.386249594734611,1.2032968743613683,4.999999999999999,3.0708581755829365,2.854144958508639,3.7377675793767136,0.959732479985454,0.7348145214279636,0.2229775585119412,0.049718991599946166,4.3803978158199435,1.1535970733606937,7.0,4.014573056324964,3.775771160291627,7.880423127052952,0.34750657896999504,0.21204742940651386,0.0004492434768547923,2.0181970149658232e-07,1.837204098997358,1.0036836932056328,9.0,7.894924315411865,7.880743174206497,7.947620906094916,0.9766479348104591,0.6451131545198953,0.00024761606247641085,6.13137143963218e-08,3.0012108418430006,1.0290316338412904,11.0,8.062161736925217,7.954913512906954,13.221322551464992,55.81611594590649,0.14045099312499515,0.08449889125771268,0.07287588440505499,0.0,0.0,0.0
"('year_4', 'Tabular', 'Benchmarking/Artificial')",5.377098821110289,3.989827990589549,3.3650441922889027,0.00023920158937388816,5.72174003589942e-08,35.396341430629406,3.3977956182294724,9.911665661026383,6.827240705896226,2.9308009596876383,1.5593935850071539,1.461500509608628,0.26686173256276424,0.07121518430640031,47.42577653450059,6.545429285763731,50.0,7.498171901001059,4.224320563503242,5.550657555138275,3.5113704275539286,3.0977319845228277,0.0005135124073535547,2.636949925060431e-07,36.300445025820565,3.0952940954062234,49.99999999999999,9.765520459076878,6.744804510407252,2.0067202129028248,1.2925978970101004,1.2413225205285887,0.6839155617215051,0.46774049556484193,49.21126643725849,12.853202285278652,49.999999999999986,7.194365478018478,3.829707623342832,4.1882792770781245,2.7460653726536486,2.4542044105907146,0.027895519036180594,0.0007781599822979139,42.40786528044117,4.119104475437872,50.0,8.500354474919606,5.4052334939743645,3.992398775400688,3.9923987754006864,9.894249447402146e-16,-0.0,-0.0,2.000000000000038,1.9999999999999991,7.984797550801378,5.646104494573388,5.0301072567018394,6866.074921457619,420.9483644898336,357.1562139925379,-3.8224130489978255e+53,-1.4610841517148854e+107,13.330655445808526,1.0253727014362404,13732.14984291524,6952.634731229562,6867.984935968826,467706.5608548682,32631.51140613271,23366.002017174575,-1.8746407116281218e+99,13.230986625928136,1.0262533014389221,935413.1217097364,473806.20691909664,467851.9097667625,48.38860400882734,4.791113612596048,3.9879146759337547,-0.0018564041466088389,-3.4462363555464912e-06,11.862892693893992,1.0387353211796233,96.77720801765473,49.31687425989131,48.426993812358354,48.043155355257696,2.038739998625933,1.6088207296903891,-1.5634132430530565,-2.444260968553676,13.736650801380879,1.0219825984119881,96.08631071051539,48.56834150130841,48.05151152568319,2.2218655215003738,0.4731481990848083,0.3049862794148182,0.566236200997422,0.3206234353199929,2.1087340489679245,1.064189989708251,3.0000000000000004,2.2920672425914166,2.230896393801158,2.827333899814379,0.9834057448045286,0.6372913437151247,0.3081809448236675,0.09497549475240838,3.3444075617844637,1.1964890086089124,5.0,3.092654871569917,2.8801044068142745,3.839458005145307,0.9132235960893818,0.7162483073935109,0.21404594600755503,0.04581566700226916,4.287420894370316,1.134059482875896,7.0,4.088724409642541,3.8709117162521625,7.912953773821334,0.3112889295275884,0.2099615381194052,0.0004578129289834558,2.0959267794441075e-07,1.8186369467072014,1.0032639978992233,8.999999999999998,7.925857185469217,7.913206843750875,7.462940400188908,0.9160108364289724,0.8643924780254176,0.0012845404915743396,1.6500442744940461e-06,3.459439007210372,1.0405528179930525,11.000000000000004,7.612758242358413,7.47333619288427,19.451891465579976,45.97656769148156,0.1075419764222058,0.07979655981179101,0.06730088384577798,0.0,0.0,0.0
"('year_5', 'Tabular', 'Benchmarking/Artificial')",7.071266080835124,4.371043151701593,3.446256212001538,3.285347290282182e-05,1.0793506817764474e-09,32.34713043446604,2.383567869606214,10.917191807931845,8.101654566886644,3.6265864350575194,1.8881676513260892,1.8728365987371505,0.11429443914881249,0.013063218820341602,45.75201101913609,4.657201506277411,50.0,7.826373092670176,4.671056897786087,6.856041582631231,3.910316389082747,3.333035280387887,8.371557381710007e-05,7.00829729952633e-09,33.54413031217248,2.395398920428676,49.99999999999999,10.611147896652039,7.802277435005224,2.4287304984560922,1.46159137826806,1.4496983633825484,0.5224648720520598,0.2729695425283752,48.60286762553263,9.043627588945016,50.0,7.303830088038273,3.9760199937041114,5.133998497150329,3.01184058047073,2.648211048871599,0.012543734022311974,0.00015734526322250692,40.56465959047256,3.074521425238116,50.00000000000001,9.00211380753153,6.089437005138037,4.333692451784372,4.333692451784372,1.0095197772882957e-15,0.0,0.0,2.0000000000000364,1.9999999999999996,8.667384903568747,6.128766640467369,5.4601103437736525,6873.8584974635505,560.3581632617354,383.1246262955245,-2.0885658283948837e+53,-4.362107219538808e+106,13.09683481249503,1.027893979879424,13747.716994927096,6969.068751118489,6876.516443844885,477067.7678007515,41399.9363176377,26048.56202046753,-1.6384377960134258e+99,13.005566213551813,1.028744384463149,954135.5356015032,483875.701598275,477269.6316729335,48.62408321459805,6.624214689301555,4.3604676970895735,-0.00028489278215137906,-8.116389732195313e-08,11.322723554789944,1.0472340502183786,97.24816642919612,49.7591901336104,48.68968113119209,47.64086069056804,2.684965373558434,1.9408511416799776,-0.6192590446963833,-0.38348176443827725,13.5391435943198,1.0234336737407872,95.2817213811361,48.19582847726271,47.65118276093829,2.1639412636211883,0.517207562646406,0.3188511737324059,0.5973779352957441,0.3568603975782063,2.174850957781607,1.0788379188961545,3.0,2.2476235285856117,2.1760299388364146,2.854878648708066,1.0074349602739994,0.6155329362297461,0.27709768180280975,0.0767831252604912,3.2825090097111334,1.1938210777440819,4.999999999999999,3.11930092331925,2.9082726677361688,3.7079711150642685,0.9455017554206175,0.7630421350050753,0.2352779197778966,0.055355699535014354,4.4336192507097785,1.15657443417297,6.999999999999998,3.9877060425086293,3.7462870833927253,7.909959618944122,0.3757902756108021,0.19420527281015354,0.00036699889676213677,1.3468819022462554e-07,1.80646191522149,1.0037321707868436,9.000000000000002,7.9247065323660255,7.910316869180611,7.249564503156326,1.0000000008531609,0.9303665635797216,0.001308630140539858,1.7125128447293685e-06,3.6222432967194216,1.0491181378499617,11.000000000000002,7.425472877128127,7.263265811914486,22.244476612003456,66.0903811933357,0.14142532161670263,0.08742086303403189,0.06892512424003082,0.0,0.0,0.0
"('Epsilon_0', 'Tabular', 'Benchmarking/Artificial')",11.603795178014648,1.544868902129844,1.1648357777213174,3.313311965105617e-05,1.0978036178112047e-09,31.287481101672157,1.2623236859950784,13.037232781888612,11.689022042851919,7.695203949656973,1.088483727427826,1.037722463058526,0.002821820309568423,7.962669859492832e-06,39.17819785514148,1.6708600897139838,50.00000000000001,9.946955554549946,7.904281340097401,11.761187831898686,1.5028897277375368,1.1423957948164516,3.751061341206109e-05,1.407046118549097e-09,31.05704646549962,1.2529439342732192,50.00000000000001,13.164883034697468,11.842772743367597,4.715135062384356,1.04960823327105,1.0178546957622356,0.13483149556405585,0.018179532196040012,45.419248151015246,2.949004031902214,50.00000000000001,8.09714321087115,5.27565094185967,8.611500973678837,1.343792309995519,1.1047882457081393,0.006926572960204279,4.797741297303307e-05,37.977409007269024,1.511504961252032,50.0,10.587261584541524,8.771108900714351,2.961976798580632,2.961976798580631,6.123615695501005e-16,-0.0,-0.0,2.000000000000026,1.9999999999999947,5.9239535971612645,4.18886775998717,3.7318569178319643,6877.9946541079635,925.8156808379775,193.2330510566536,-1.1260636881287355e+53,-1.2680194297220902e+106,12.784427203227716,1.034757368234871,13755.98930821593,6996.50417659994,6884.340139079411,545186.7003924246,85458.42556538052,17019.641316155965,-1.8838551617807583e+100,12.485438031222921,1.0404485250813185,1090373.4007848487,556103.4024985589,545942.349297025,48.99597320329139,11.403239574404289,1.5230654617888286,-0.0005409242662376486,-2.925990618047385e-07,11.108394075098456,1.0685123504534482,97.9919464065828,50.64658436585031,49.20564374809084,46.79515781248717,5.37555288475818,1.0873489909446599,-0.014509079631084134,-0.0002105133917411405,12.87979283036715,1.0309649665641152,93.59031562497431,47.514139680476866,46.82447237401526,2.212652664065072,0.6957646826142766,0.09158265332065067,0.3754865830257888,0.1409901740323826,1.9541588115539208,1.1005908484797626,2.9999999999999996,2.321272859393496,2.235402127878369,3.6539547699677297,1.0298575008538062,0.1559198527386772,0.03977969396985144,0.0015824240523350348,2.1918863016951073,1.0827786198961635,4.999999999999999,3.8021828892270184,3.681186274977911,4.759994218489485,0.9711864020969919,0.3655334080466034,0.06347859686719641,0.004029532260228038,3.098270412849583,1.0569023944922737,7.0,4.893548152577707,4.774903900669602,8.352693912897097,0.2829802994994397,0.07420692936283478,4.453578080403077e-05,1.983435771824676e-09,1.470213960754867,1.0014366750610912,8.999999999999998,8.358691812930726,8.352807827908201,9.849205241954612,0.2791818047632586,0.2515223472231831,3.78061397952409e-06,1.4293042062172977e-11,1.7157546580157663,1.0022181416015163,11.000000000000002,9.860122657159417,9.849368260714568,18.4489111837405,36.19708682879084,0.2320759035602931,0.030897378042596877,0.023296715554426365,0.04294470658003305,0.17762225245962093,0.025962867771152087
"('Epsilon_1', 'Tabular', 'Benchmarking/Artificial')",17.622799631580115,1.2840073660663451,1.1367996085687757,4.116050208074778e-09,1.6941869315392422e-17,21.01194594140312,1.088996905934323,18.390275117636897,17.65011026160149,12.597915300471922,1.049445806436369,1.0137748839829275,3.693023206224485e-06,1.3638420401712574e-11,29.403839462032824,1.2118074972836055,49.99999999999999,13.868053285208438,12.66368476322051,17.80157967217074,1.2610442475484849,1.134687307726856,5.838743138219051e-09,3.409092143410005e-17,20.792243391018584,1.0863359432681399,50.0,18.554130928763364,17.827984152791853,7.79730128660205,1.1397732469986632,1.0224298313574396,0.010129025759660447,0.00010259716283986492,39.43749352995079,1.6435426329997356,49.999999999999986,9.99619691350379,7.996278148462693,13.192920366531554,1.1806727926117526,1.1041432312902055,8.664912428025754e-05,7.508070738535517e-09,29.151144882348603,1.182547215016727,50.0,14.346639508714139,13.2482575388594,3.68270891764117,3.682708917641169,9.721651959095287e-16,-0.0,-0.0,2.0000000000000346,1.9999999999999971,7.365417835282342,5.208136897600483,4.639922485971674,6827.4179952283785,1422.1966991506476,246.45839363134908,-2.540876804189124e+51,-6.456054934066336e+102,11.559301747075361,1.0583272661828556,13654.835990456759,7023.708597627014,6848.616275144513,549660.3135456308,131248.22347875862,21883.612389387727,-4.2429313880060704e+98,11.097405109084216,1.0710299643106258,1099320.6270912618,568846.6330906495,552195.7096721387,49.34102046816078,17.604426878273177,1.2793769249478002,-1.2980941015521558e-07,-1.6850482964844985e-14,9.062653513748096,1.1383894601960554,98.68204093632153,52.644567291795106,50.08030246695324,43.89196339162275,7.338158600830871,1.0479588921460858,-1.3417778663868212e-05,-1.80036784272557e-10,11.898908017131381,1.0450204112958752,87.78392678324553,44.86910376963881,43.965537364537454,1.9899357984803994,0.8341365397982798,0.17592766172132096,0.5403873459577485,0.2920184836712594,2.2133644437904345,1.1835259724151532,3.0,2.1648507549619223,2.0380755280679934,3.375348556949423,1.216821493741888,0.2640193583874115,0.06549018655884728,0.004288964535512621,2.418060822266501,1.1372013376850294,5.0,3.599459638109039,3.4278177838508075,4.417164964140116,1.1582233850202355,0.5171288104873483,0.0804696647083128,0.006475366938268282,3.396101307593865,1.0934515333569843,7.000000000000001,4.6189513476469966,4.446774909294293,8.264509149832183,0.3571979668431169,0.1029401518059967,4.96017406293248e-05,2.4603326734588103e-09,1.5193354355106514,1.0022167479318826,9.000000000000002,8.273664245788765,8.264740111381514,9.957814582655866,0.28681721060011794,0.21455492246258087,1.4070328711754544e-06,1.9797415005682426e-12,1.6406122680396953,1.001885380636037,10.999999999999998,9.967197297636833,9.957951266808267,18.28637838456247,32.50085908273479,0.3524559926316022,0.025680147321326945,0.022735992171375504,0.002876232756011071,0.33904953610676464,0.024320258630846858
"('Epsilon_2', 'Tabular', 'Benchmarking/Artificial')",15.585097741376085,2.0664367787423483,1.2761434674478094,9.685767668006167e-08,9.381409531859361e-15,23.74129683402869,1.1316651703260996,16.579388375810186,15.632132841737487,11.084581384656106,1.359640854518359,1.0840869721148103,5.5610405475038946e-05,3.0925171970982416e-09,32.19448944288873,1.292041380702688,49.999999999999986,12.59962176500071,11.177625091325524,15.751973690373209,1.9997336984981995,1.2543047637510365,1.3382633999559666e-07,1.7909489276617036e-14,23.56884149491694,1.1269943607940334,49.99999999999999,16.722293791795494,15.796547054716555,6.825780711874111,1.1853888311462644,1.0737540172386935,0.030886662782164367,0.0009539859378191375,41.50714647319395,1.866253296446452,49.99999999999999,9.324759204809038,7.092288745739888,11.659192592527615,1.6969701323323896,1.1815349363155796,0.000421288330134641,1.7748385710763426e-07,31.814362581803284,1.2540949165638677,50.00000000000001,13.056707648790894,11.74143679894474,3.4638760672880853,3.4638760672880835,8.94262691259323e-16,0.0,0.0,2.000000000000036,1.9999999999999978,6.9277521345761714,4.898660512738389,4.364210371403327,6854.048756955532,1253.436147219729,240.6295503174882,-1.1046575819503766e+52,-1.220268373360453e+104,11.963628241070051,1.04919358249731,13708.097513911065,7020.612488382241,6868.741732055088,549164.65287131,115737.70560405646,21405.479757485093,-1.856434558962583e+99,11.550401344645246,1.0592946581722984,1098329.30574262,565211.4707362097,550929.5035037999,49.303983570805684,15.544205643706208,2.060860633836489,-2.430707843914894e-06,-5.908340622469392e-12,9.645149275735246,1.1122609837969835,98.60796714161137,51.99784697580101,49.81822020308378,44.98063444781572,6.98027959215904,1.3541495355283992,-0.00022069878946190218,-4.870795566994902e-08,12.127095723555762,1.0414124516553445,89.9612688956314,45.90256558964172,45.04215043963711,2.058021392544777,0.7961765359989935,0.14580207145622961,0.4887778049772861,0.23890374263841396,2.1330714268441953,1.1546836825080622,3.0,2.2114717661973953,2.097233272946776,3.399083596631074,1.148367193307291,0.2266052381598007,0.07248172859431412,0.005253600980019814,2.4552737541396796,1.1219748234301825,5.0,3.600421956774959,3.4427637603766725,4.5012892087350735,1.1523687906737494,0.4598629280052841,0.06871891753261097,0.004722289626853787,3.290331801875656,1.0865888631802958,7.0,4.692124662033244,4.528815789126906,8.265447177903921,0.3392754712343923,0.08855934445854294,5.841848615554339e-05,3.4127195247054145e-09,1.5248026464629207,1.0020530955682645,9.0,8.273927703788639,8.265646418415848,10.011967841072106,0.31257535630627975,0.28945874885014766,2.0180460063625394e-07,4.072509683795794e-14,1.5698475484794414,1.002266923899334,11.0,10.023309601572938,10.012172399424855,19.258149098709808,40.354190223639016,0.3117019548275218,0.04132873557484695,0.025522869348956163,0.026065652135132043,0.27646871582861837,0.038818599663891395
"('Epsilon_3', 'Tabular', 'Benchmarking/Artificial')",11.543658942905854,1.5529136976264477,1.164052141329501,3.4380547127405786e-05,1.1820220207797703e-09,31.3953067375004,1.2656413467399823,12.986700177694365,11.62995534937933,7.6991541786497475,1.0869768241364388,1.0382428601405544,0.002747412749836211,7.548276817962572e-06,39.160797937475856,1.6703136592544745,49.99999999999999,9.950434218317413,7.908136939111339,11.737507550991568,1.5222957343005215,1.1494813689655465,3.694182750854249e-05,1.3646986196709063e-09,31.08527052201893,1.2544464155328594,49.99999999999999,13.146251670337245,11.81974007639951,4.716459246748124,1.0501098993229538,1.0192345476297549,0.13377559931183705,0.01789591097124118,45.410814446613976,2.9481873709858575,49.99999999999999,8.09829563408516,5.27688340862072,8.591649402292806,1.3579473293484996,1.1022610812821323,0.006922939447767106,4.7927090597449915e-05,38.004537539946796,1.5145327957158992,50.000000000000014,10.57342983203214,8.752349961893417,2.944703843998415,2.9447038439984143,6.705318810153651e-16,0.0,0.0,2.0000000000000293,1.9999999999999964,5.889407687996832,4.164440113354744,3.7100943587599513,6879.881293884886,922.5804469206719,192.975946300469,-1.1393244294832615e+53,-1.2980601556173592e+106,12.790751536864589,1.0346379279914768,13759.762587769776,6998.019404066908,6886.1664684864945,545360.3950880028,85406.09332973495,17042.719701903876,-1.885380185297805e+100,12.48645017330716,1.0404113385204452,1090720.7901760056,556270.6341481663,546114.3908473098,49.01470748518479,11.353472764684483,1.5283065900503046,-0.0005593736945665823,-3.1289893017306803e-07,11.12536935351633,1.0680309536048644,98.0294149703696,50.6545352310632,49.22157576054403,46.819301272302745,5.373807788637517,1.0813083282607712,-0.014562084167591369,-0.0002120542953040152,12.879998037060005,1.030948500256726,93.63860254460549,47.53827445218004,46.848573299695516,2.2172407906029954,0.6924569541911909,0.0903022552058138,0.3723506520323184,0.13864500806889263,1.9490026459972565,1.0991935689052748,3.0,2.3246091831137536,2.239577830740648,3.6726744802304245,1.0020496703514803,0.15734256625422985,0.03975671496319483,0.0015805963846647194,2.188278333628644,1.0779626801831266,4.999999999999999,3.813153602901045,3.697549543653784,4.7688177556101765,0.9682733124554007,0.3688447490034211,0.06278305364411858,0.003941711824880272,3.088799690382808,1.0563039136912338,7.000000000000001,4.90123098341396,4.7835359871717555,8.356058805855362,0.2792590192222553,0.07712944311907012,4.274154646000609e-05,1.8268397937928588e-09,1.467803249039056,1.0014122033887916,8.999999999999998,8.361956951525974,8.35616877380773,9.860389855864009,0.2831529547802393,0.23982184896378336,3.4422854580390372e-06,1.1849329174627025e-11,1.7076006998740512,1.0021953548147002,11.0,9.87120744917751,9.860551916366637,19.014578631663813,31.482178864433944,0.23087317885811673,0.03105827395252895,0.023281042826589993,0.1786926979452509,0.03901371729274697,0.02282090566425979
"('Epsilon_4', 'Tabular', 'Benchmarking/Artificial')",17.667229551078773,1.2556501443364416,1.1843755177290605,4.086547344986489e-09,1.669986920281612e-17,20.952464078613275,1.0883854079978732,18.431462931499084,17.694370500793347,12.654679067071521,1.0544731661768216,1.0137685083432635,3.4582780422506745e-06,1.1959687017513157e-11,29.309901981430073,1.2093748738159504,50.0,13.916550704123498,12.719666208732557,17.885038605810497,1.2387444448918201,1.1819840834261404,5.2768382907533644e-09,2.784502234676089e-17,20.671971912967294,1.0852502827238397,50.0,18.631800946853037,17.911129159341662,7.815310789041251,1.1436350087542981,1.0247602974836698,0.009966018199953606,9.93215187618065e-05,39.40542260221915,1.640043333377285,49.99999999999999,10.008613412406119,8.013172197126753,13.245366358498881,1.1687825991560037,1.124736848795558,8.320202621527506e-05,6.92257716632732e-09,29.06282403224864,1.1806591857725433,50.00000000000001,14.39216900746874,13.300103996569469,3.724232731540279,3.7242327315402783,9.421690822570737e-16,0.0,0.0,2.000000000000032,2.0000000000000004,7.44846546308056,5.2668604383780595,4.692239213175079,6825.591754808629,1425.3132926754633,246.84879954463491,-2.505084206897398e+51,-6.275446883646766e+102,11.552830441786593,1.0585212654156675,13651.183509617258,7022.473399411049,6846.934618016411,549889.9180073343,131803.7683719236,21808.36404096308,-4.215329871535962e+98,11.085711567095052,1.0714236132926138,1099779.836014669,569188.8237778393,552454.487960403,49.323261637155746,17.650750227991946,1.249993458418752,-1.2727508262776718e-07,-1.6198946657904962e-14,9.04848102525595,1.13911959818036,98.64652327431149,52.64249320025414,50.0687929068678,43.86437585610723,7.327733151878542,1.0504765757237038,-1.3586357879583232e-05,-1.8458912043211338e-10,11.902991217256554,1.0449747717839115,87.72875171221445,44.839922883167084,43.93774179834812,1.9840435115587691,0.83660655011978,0.1793499383214502,0.5456156794872442,0.29769646970232716,2.221053587345491,1.185974898594517,2.999999999999999,2.1606724823160217,2.0329027769728465,3.3952683712970666,1.1926921845792147,0.2621439391709448,0.06586193803014394,0.00433779488108652,2.4131086986139305,1.1305994241675557,4.999999999999997,3.6101769394472263,3.4441840615692483,4.384161415204268,1.1952908303863314,0.4952898354579809,0.08428260767218383,0.0071035579560232605,3.426392517113146,1.0984792087798985,6.999999999999999,4.594967629231418,4.416561274909822,8.269831887251335,0.3524817885167387,0.10329766050324293,4.9435679267871304e-05,2.4438863846758406e-09,1.5164518010673032,1.002162964096363,8.999999999999996,8.27877073099026,8.270053803728487,10.006029958935239,0.30597368013957593,0.19435226680905746,8.577494091816706e-07,7.35734048951505e-13,1.5995337925284157,1.0018902589196814,11.0,10.015482487802645,10.006177451207886,6.679780808355551,11.336255871364454,0.3533445910215754,0.025113002886728828,0.023687510354581238,0.03346797528790842,0.30096660663567487,0.027416800992574042
"('Epsilon_5', 'Tabular', 'Benchmarking/Artificial')",15.602166285133208,2.0811451314634595,1.2710333979333166,1.0039124932922606e-07,1.007840294188283e-14,23.717606229013413,1.1313840857623372,16.595484461649487,15.649257114349455,11.114968957504892,1.3555589743503318,1.0848269026519721,5.538486524808487e-05,3.0674832985485185e-09,32.14745010358959,1.2899741906236486,49.99999999999999,12.624051706926117,11.207288081735987,15.787701620423647,2.012296208294475,1.2511215379574772,1.325997443730327e-07,1.7582692207793618e-14,23.513742507788802,1.1263308236474374,50.0,16.755287899129364,15.832174088103224,6.839500094129816,1.1825461952384546,1.072554025391173,0.030852610593982612,0.0009518835804639282,41.48770859233664,1.8621498355943222,49.999999999999986,9.333223618158472,7.104711811301072,11.685034483059155,1.7046131233278912,1.1837749583692831,0.00041556332600901566,1.7269287792367545e-07,31.765865597879003,1.2528116091441697,50.0,13.078950102634083,11.766969499269408,3.449618148043346,3.449618148043346,7.723740464572893e-16,0.0,0.0,2.000000000000031,2.000000000000001,6.899236296086695,4.878496769971259,4.34624651881918,6852.602725477105,1254.702577953334,241.13728543757634,-1.1022513039922031e+52,-1.2149579371525123e+104,11.96082792342205,1.0492702087658394,13705.20545095421,7019.387627303029,6867.343984608505,549279.7460777295,115979.94490909687,21627.666000788005,-1.8505499343807621e+99,11.543206101407815,1.0594660030283525,1098559.492155459,565375.6472754197,551054.8222931674,49.28724550686588,15.560571143869954,2.075275657768085,-2.501438019913242e-06,-6.25719216746748e-12,9.640268801543021,1.1125284604327514,98.57449101373176,51.986444105654456,49.803426901526656,44.971268779108165,6.991551801076569,1.3450910410704418,-0.00022752506501986817,-5.176765521229524e-08,12.126146282955288,1.0414798396185045,89.94253755821636,45.8944927642963,45.03306642405248,2.0607071742981784,0.7941676072774849,0.14512521842433643,0.4873440512406374,0.237504224279637,2.1304383550066968,1.153482011018518,3.0,2.2132052719247577,2.099528372045072,3.3854827188799717,1.1553915638890657,0.2274862391184678,0.0728821493281309,0.005311807690687973,2.4673594880590874,1.1246257784741491,4.999999999999998,3.5902494004352317,3.430325794589352,4.483859810443332,1.1622349371657186,0.4234588447527588,0.07504858596373382,0.005632290255155944,3.3241463512808482,1.0875780879723345,6.999999999999997,4.676083420264602,4.511970153199212,8.271598257073494,0.32916060709931766,0.09057567033853715,5.760973822413945e-05,3.318881938253874e-09,1.5220211034120938,1.0019641655572429,8.999999999999998,8.279717666263315,8.27178127125487,9.963892934231058,0.31096321227168167,0.2826474298161686,4.285633123266784e-07,1.836665126724141e-13,1.609869136733767,1.0022872415321318,10.999999999999998,9.975281340811753,9.964092467428106,17.675189932271767,35.171059690674504,0.31204332570266424,0.04162290262926926,0.025420667958666338,0.09771264406361607,0.21235375725986622,0.03388698033009668
"('colon_0', 'Tabular', 'Benchmarking/Artificial')",37.62959406715939,1.9980777234341658,1.451298358725272,1.065063923024417e-21,1.1343611601281613e-42,3.8125507404177106,1.0077598065374305,37.775311114432874,37.63327622271359,27.716613137652406,2.8739150612303486,2.2943998768838334,4.0275302008563794e-13,1.6220999518810229e-25,8.93355290666582,1.0350447445620765,49.99999999999999,28.198091949720713,27.73997778006478,36.91861453956728,2.0415309055109336,1.5143473079570275,1.3349471967116276e-20,1.7820840180082328e-40,4.093038465431517,1.0086095804005422,50.000000000000014,37.07720082086354,36.922778777342245,15.77416442307875,2.337160107138686,2.04018902973593,4.2793786353369256e-05,1.831308150457813e-09,24.472040374629632,1.1300152341389342,49.999999999999986,16.768279819103135,15.831940109423565,27.60309439999568,2.05264003536497,1.659292277709214,2.2277303943126175e-10,4.96278270974425e-20,10.21082184190146,1.0229197114042625,50.0,27.917629823642176,27.61273652700499,0.4284453676793146,0.4284453676793146,9.998534629373414e-17,-0.0,-0.0,2.0000000000000338,1.9999999999999996,0.8568907353586296,0.6059132497080141,0.539807337469117,3470.7290660912463,303.9336501154796,246.86674218330046,-1.5201130868598794e+45,-2.310743796842671e+90,12.519711631024702,1.033558092629429,6941.4581321824935,3528.484051274369,3472.7936638027277,276985.11637503933,24235.26178399454,19780.605154591314,-5.346269306078307e+92,12.516455255501201,1.033589365551892,553970.2327500787,281598.572738045,277150.19725050114,12.675878342414427,2.0103229206440996,1.4550796610545094,-1.145431415325485e-21,-1.3120131272145437e-42,9.693482353686564,1.0704279096949563,25.35175668482886,13.114652103733256,12.70917643079002,21.722633731598474,2.879263130424823,2.244756554102985,-6.854312816667939e-14,-4.698160418873837e-27,10.59086422683196,1.0565407473141104,43.44526746319695,22.328297245971182,21.760334085904557,1.4676809960071207,0.9886131607189738,0.5437058432739058,0.8882005330483336,0.788900186907344,2.7874103939062995,1.590956505707081,3.0000000000000004,1.8512318956838991,1.6246783998407728,2.205621456818614,1.4100827341890652,0.8717308861096851,0.33414782689160555,0.11165477021638237,3.6934546346257666,1.6020031802157872,5.000000000000001,2.791660907107647,2.4253858226643144,2.9241894254552845,1.500591983447366,0.9158451957319456,0.3105153876961564,0.09641980599609432,5.044792366941267,1.4505113174135236,6.999999999999998,3.5218111419985902,3.091019064754402,7.723842100472998,0.6172950458995248,0.26225899489417315,0.0002423222640855889,5.872007967156589e-08,1.8779506319838708,1.008076416873556,8.999999999999996,7.7549698610060736,7.725274016209605,10.228043963494088,0.5795680140134651,0.14143706720480567,1.4530489869013162e-10,2.1113513583349412e-20,1.363838756533361,1.0034111073628857,11.0,10.245473590601392,10.228673327892507,2.1994375557555013,7.112233874592227,0.7525918813431879,0.03996155446868334,0.029025967174505403,0.7368681288840598,0.04559055433317649,0.027711906398526498
"('colon_1', 'Tabular', 'Benchmarking/Artificial')",37.59307284487509,1.762202749053775,1.5909703368334747,7.255756573937178e-22,5.2646003460232575e-43,3.8084127371869165,1.0079003167178449,37.74127929221399,37.59673317151415,27.64238163467951,2.6933499075472147,2.431628623933274,2.6383293452225165e-13,6.960781733862273e-26,8.893257030317438,1.0364667163779853,50.00000000000002,28.141882070299225,27.66700955177621,36.87930589807718,1.821080285507366,1.6356317902151738,9.150150114637495e-21,8.372524712040057e-41,4.088880764415681,1.0087742225076801,50.0,37.04074616122941,36.88346513383367,15.730079446100989,2.2991193415922573,2.097060735200252,3.724660981818619e-05,1.387309942948204e-09,24.386904725463502,1.1336744996593813,50.0,16.74846866405631,15.791438012262478,27.566674439618957,1.9227551112251542,1.7485564077760938,1.8790253718897352e-10,3.530736348205358e-20,10.190301290244507,1.0234887962243844,50.00000000000001,27.888549296288847,27.57669587549727,0.41677487245231987,0.41677487245231976,9.870023694609733e-17,-0.0,-0.0,2.0000000000000364,2.000000000000001,0.83354974490464,0.5894086770783875,0.5251034348699286,3473.1764818427177,288.86469818611306,260.4118992472493,-1.2614442620786814e+45,-1.591241626331229e+90,12.452555625999963,1.0342469258357232,6946.3529636854355,3532.1486371549763,3475.327323297358,277150.80466168205,23039.99612605484,20810.172107940387,-4.4577149446271574e+92,12.451444695452814,1.0342592599392069,554301.6093233641,281858.31596087565,277322.5814569613,12.671545330128636,1.7868009876501658,1.593135584099761,-7.122217370388013e-22,-5.072598027105675e-43,9.610630468514483,1.0712688499810488,25.34309066025728,13.115317842449544,12.704514385009071,21.747911338681117,2.701420367810635,2.4063738303389974,-4.299296772180032e-14,-1.8483952735277645e-27,10.476618233342622,1.0581316855261655,43.495822677362234,22.37110383230847,21.78717411713685,1.4686743332898036,0.988518427793931,0.5428072389162653,0.8877239826099436,0.7880538693008594,2.786545634107489,1.5896179169977231,3.0,1.8517053431829626,1.6253537576210928,2.210795273197071,1.4088130028500796,0.870733054694738,0.3309523290656797,0.10952944411399794,3.6870395779601606,1.5978186096574323,4.999999999999998,2.7945524482842354,2.429071648975348,2.91824820336302,1.502470663746729,0.9163373991244775,0.3120085118436571,0.09734931146289348,5.051300759662602,1.453465415875496,7.000000000000003,3.518232839860162,3.0862658666145917,7.74823172286812,0.6065239853792074,0.25810183663180847,0.00022004319030344578,4.841900559891846e-08,1.8599043308902312,1.0077481854357317,9.000000000000002,7.778191170102743,7.749581889773503,10.214782926173006,0.6000123348126011,0.13196069967821517,1.499680879389207e-10,2.2490427400055855e-20,1.3678533363490928,1.0036270846250996,11.0,10.233291099735705,10.215480393460172,2.199874243440733,7.156650104865051,0.7518614568975016,0.03524405498107547,0.031819406736669484,0.7371456282789994,0.0366211990461609,0.03475924843540623
"('colon_2', 'Tabular', 'Benchmarking/Artificial')",37.261239243823525,2.0123132948975035,1.554088778208521,1.690834903689744e-21,2.8589226715355063e-42,3.928191542418993,1.008405063080638,37.417503112129744,37.26532107993575,27.205559818625314,2.9127781912046395,2.3911817975903844,5.928313218904533e-13,3.5144897621438215e-25,9.252944544508969,1.0380768292365494,50.0,27.71867175855594,27.23147846114096,36.54485235413718,2.066141842400568,1.5960516741383395,2.079980707160435e-20,4.3263197421596235e-40,4.218568164503881,1.0093028964023807,49.99999999999999,36.71444532849969,36.54945643916959,15.438209347689416,2.358040718760715,2.0830812455471417,5.125034328881218e-05,2.6265976872210957e-09,24.934253595953333,1.1388082577674545,49.99999999999999,16.47487885044388,15.500686696185548,27.2665874782377,2.0735706744854023,1.7223305016064112,2.8557768796116415e-10,8.155461586124404e-20,10.45751300342485,1.0243618525166063,49.99999999999999,27.596721201319248,27.277052585679304,0.37668083349488224,0.3766808334948822,8.383618977087687e-17,-0.0,-0.0,2.000000000000037,1.9999999999999996,0.7533616669897648,0.532707143414464,0.4745881112121479,3522.2444914190996,304.5740858086111,259.88835005940217,-1.951734124547208e+45,-3.809266092922056e+90,12.48926512231283,1.0338044379704008,7044.488982838199,3581.283441338617,3524.3669376150456,281067.7883314082,24312.37916725016,20682.007632736306,-6.884545939660012e+92,12.487906101033833,1.0338137071295515,562135.5766628165,285780.2549578571,281237.2020028519,13.06019640535535,2.0150540734039146,1.5747671815384763,-1.7170115846042942e-21,-2.948128781665349e-42,9.649993606282772,1.0707041537451971,26.1203928107107,13.514016718461415,13.09435057040786,22.2752061005151,2.8847811522373714,2.402021701331056,-1.0238633733705699e-13,-1.048296207329763e-26,10.559646190774899,1.0567086090408628,44.55041220103019,22.898095052698608,22.31381454799706,1.4700556484971987,0.9883874567833653,0.5415568947194355,0.887059078313689,0.7868738084187314,2.7853397891439364,1.5877631871899422,2.999999999999999,1.8523653107914124,1.626294545689025,2.2078922095540183,1.4088427016530352,0.8715956623130812,0.3329237471113939,0.11083822139069134,3.691131704501868,1.599935418793536,4.999999999999999,2.7927309205729154,2.426821078983626,2.9344538625489434,1.5029999902345352,0.9131035763729985,0.30725333091827833,0.09440460936037705,5.030207731427981,1.4465503026426052,7.000000000000001,3.5293445315605183,3.100296439907107,7.7854211556021,0.5820469155518782,0.2476778196616907,0.00021368319159696867,4.5660506371066826e-08,1.838145707388495,1.0070936983364036,9.0,7.812986072237618,7.786604014645479,10.211728716743725,0.5945059762944909,0.14192035427010585,1.4855483833633886e-10,2.2068539993135773e-20,1.3699408390230732,1.0035923147252264,10.999999999999998,10.230054145540183,10.212409561522058,1.9983224402668187,7.074560794584989,0.7452247848764701,0.04024626589795003,0.031081775564170414,0.732286227061226,0.03660279599470029,0.03665594094766833
"('colon_3', 'Tabular', 'Benchmarking/Artificial')",37.64211272985939,2.0370166244551684,1.409166722108986,9.664599295115442e-22,9.340447953514591e-43,3.8045538605054725,1.0078019672941996,37.78866869524438,37.64586198385515,27.529432823014908,2.934613632819692,2.209458775101364,5.185320451588029e-13,2.6887548185657073e-25,9.063895816593956,1.0360181718210697,49.99999999999999,28.02082710422737,27.55364248630021,36.78354579865934,2.1002844091022332,1.4543625610944282,1.724165201606272e-20,2.972745642429997e-40,4.139443721781919,1.0088771598588986,49.99999999999999,36.94645176999853,36.78791859188557,15.67385995965764,2.370087530035964,1.9916406990671864,4.592314077421774e-05,2.10893485856862e-09,24.620819064948837,1.1324304671115684,49.99999999999998,16.679450344595153,15.732881817468465,27.5064180755845,2.0974195152099755,1.6083604612331486,2.433741867662164e-10,5.923099478411718e-20,10.282602421632056,1.0233447058390566,50.0,27.825630462686682,27.516344191235095,0.32196612424907595,0.3219661242490759,6.189787603331616e-17,0.0,0.0,2.0000000000000333,2.000000000000002,0.643932248498152,0.45532885953774416,0.4056518972944789,3468.93988354204,308.4461576123064,242.96908938776704,-1.4662798233190417e+45,-2.14997652027252e+90,12.5106915264438,1.0336839340249098,6937.87976708408,3526.879784592689,3471.0277304974516,276835.52414910466,24691.898656896767,19364.00182739452,-5.1409742892212747e+92,12.505793196649353,1.0337432881704758,553671.0482982096,281467.4447003291,277002.9193444011,12.667946801488835,2.048360178650523,1.4164782228022563,-1.0458412594307793e-21,-1.0937839399277585e-42,9.673053037346438,1.07100528975094,25.335893602977674,13.109980291968329,12.701959518888739,21.70499356534365,2.926432569583367,2.20107695090206,-6.340381788748389e-14,-4.020044122709222e-27,10.57462031805217,1.0568775206970005,43.4099871306873,22.313720652303683,21.743264261914497,1.456942841659666,0.9895860352612793,0.5534711230790547,0.8932962676421788,0.7979782217834472,2.7966749474377397,1.6056538550941613,3.0,1.8461563447145721,1.6174208676576314,2.196376818209422,1.4011523376304824,0.8775221253556129,0.3416861995146627,0.11674945893877389,3.7123358677373375,1.6057912870234645,5.0,2.783244758304548,2.4157853013196684,2.9027408306556324,1.5022385504677054,0.9223294635399906,0.31645003062580046,0.10014062188307005,5.070733343502228,1.4604324729064782,7.0,3.5079145224862724,3.0730557581958933,7.727604571583308,0.6122138021281095,0.26303945575919185,0.00024220474769906815,5.866313980796925e-08,1.8762960622882663,1.0079727335294377,9.0,7.758348481023262,7.729003958208848,10.19957644809593,0.6051352042592953,0.1400369489040232,1.6351092855159552e-10,2.6735823755804974e-20,1.3751231720716943,1.0037205948589885,11.0,10.218533077829859,10.200295349887236,2.8320954368123594,7.039500733441087,0.7528422545971873,0.04074033248910334,0.028183334442179686,0.7214538245629892,0.049503471827000434,0.027691042720795367
"('colon_4', 'Tabular', 'Benchmarking/Artificial')",37.62737269170491,1.7910661753091848,1.6220070027004718,5.917324881910356e-22,3.501473375807541e-43,3.7898353494559243,1.007934216628002,37.7763496347435,37.631086928619496,27.478267336514865,2.7199054277213315,2.495037887632845,3.020481759074181e-13,9.123310056899858e-26,8.986644601638508,1.0376179445008238,49.99999999999999,27.990334037233673,27.50399211548741,36.75932697441686,1.8620123056612612,1.6693307030407087,1.0307187595257786e-20,1.0623811612383598e-40,4.123658966440699,1.009069215435162,49.99999999999999,36.925639871439124,36.76370158738568,15.655618881896544,2.2955453283084886,2.1548770173913083,3.82970731461102e-05,1.466665811558515e-09,24.473639296641625,1.1359401535145348,49.999999999999986,16.685835821061975,15.718496373421738,27.490541573711738,1.942051271165497,1.7906841468837789,1.9370162939616698e-10,3.7520321230730017e-20,10.236338264178958,1.0239319830777611,49.999999999999986,27.81754824962376,27.500885259881358,0.3205085091941244,0.32050850919412427,5.396890588473797e-17,-0.0,-0.0,2.0000000000000315,2.0000000000000067,0.6410170183882489,0.45326748055831245,0.4038154174041017,3468.0724782891457,291.49163420156685,267.27134608227345,-1.1555930960722613e+45,-1.3353954036898746e+90,12.433017280602193,1.0345003748673547,6936.1449565782905,3527.390096806667,3470.2638105553124,276766.41446468205,23301.284851592907,21347.4457305812,-4.065175341639366e+92,12.429633551040034,1.0345398329909166,553532.828929364,281505.5722908265,276941.7930348151,12.639858952716954,1.8201379913352103,1.6259154331097425,-5.819022177760357e-22,-3.3861019105266894e-43,9.569886174261987,1.072197115826901,25.27971790543391,13.08818861536459,12.673682317774674,21.697823957246545,2.733923962624167,2.4725953620674512,-3.590437574861823e-14,-1.2891241978979648e-27,10.439452836497622,1.0588367943551806,43.39564791449308,22.327016511175053,21.738067310509567,1.4547209426160268,0.9897825181892629,0.5554965391947104,0.8943353840797198,0.79983577921702,2.7985688974474234,1.6087505490497511,3.0,1.8451175732879572,1.6159309816962895,2.1883513763848366,1.3976198097039965,0.8810635664457676,0.347422298747981,0.12070225366733135,3.725726405395202,1.61059803205642,5.0,2.7772222663490105,2.40862072845777,2.912464106397007,1.4972242024921516,0.9214716278941664,0.31430608086816125,0.09878831247070312,5.061398796300723,1.45511044410656,7.000000000000001,3.5132460019444034,3.080424834844508,7.72571300645209,0.6138389399149546,0.26541262400184235,0.0002363582812618611,5.5865237121061036e-08,1.8763680960772153,1.0080302494189166,9.000000000000002,7.756670682448024,7.72712620675478,10.214589602331282,0.5764577540038518,0.09260390759224153,6.152880254507078e-10,3.7857935426303086e-19,1.3830622324928603,1.0033218569451225,11.0,10.23154123898101,10.215205215926035,2.873932545102885,7.034684102240381,0.7525474538340975,0.03582132350618364,0.03244014005400941,0.726385450079511,0.03901333493031589,0.0346703926067361
"('colon_5', 'Tabular', 'Benchmarking/Artificial')",37.25794184581252,2.038927407674193,1.5881990770171877,1.5018357123055378e-21,2.2555105067562818e-42,3.9210037221421574,1.0085306543967116,37.416521679285076,37.26215940115337,26.974006208797267,2.943989077926626,2.4661214767230732,7.354989233921549e-13,5.409586663110189e-25,9.394824066792918,1.039755017836312,50.0,27.504956700571018,27.001577103196077,36.37446327212017,2.1042654516463415,1.6611790156231425,2.5597086994183607e-20,6.552108625878035e-40,4.2707355982577395,1.0097479551238762,50.0,36.551321633352124,36.37941825185142,15.315403228237262,2.3763182117208532,2.122941742364763,5.453809698446721e-05,2.9744040226871513e-09,25.092829895405295,1.1425453384504276,49.99999999999999,16.37062110269757,15.380291928032426,27.14416932413404,2.101461547098858,1.7724021776146843,3.072362642883058e-10,9.439412209383371e-20,10.538327250050703,1.0250664690377302,49.99999999999999,27.482267942907065,27.15515920615695,0.3018450826518928,0.30184508265189275,7.799042290450487e-17,-0.0,-0.0,2.000000000000035,2.000000000000008,0.6036901653037858,0.4268734096219346,0.38030097344037755,3522.3159802312175,307.73318272838645,265.40323424354506,-1.866968007768714e+45,-3.4855695420318807e+90,12.470390054140326,1.0340675416612395,7044.631960462434,3581.81182780211,3524.48670233859,281114.5868598663,24619.12124048369,21229.349166445045,-6.510091310051646e+92,12.463879763311338,1.0341386256864942,562229.1737197327,285872.7511837728,281288.71621496795,13.064567508975374,2.041475351266785,1.6204291501977273,-1.5323169078698268e-21,-2.3479951061437476e-42,9.608864726706763,1.0717750027766932,26.12913501795075,13.525298205759395,13.099918136678271,22.27629536349831,2.915372418459421,2.4630587444786642,-9.302994122781505e-14,-8.654569964850724e-27,10.526711148700086,1.057399823625137,44.55259072699663,22.906702971722538,22.31603891936976,1.4608493771838795,0.9892370073793723,0.549913615436748,0.8914564542159241,0.794694609763228,2.793325586398432,1.6002559881960305,2.9999999999999996,1.8479923549706965,1.6200503816858434,2.221003959817064,1.398947476504116,0.8718421009497404,0.32615500855087753,0.10637708960282301,3.67937790078676,1.5872653140329123,5.000000000000002,2.798169998084338,2.4344450469803998,2.918116970920339,1.4980124581433663,0.9200189822725088,0.3125531452472375,0.09768946860394075,5.053715209718021,1.4527763852267739,7.0,3.5172406372611045,3.085416588019104,7.7661948670971315,0.5869331526289454,0.2567626691516026,0.00022480015842697766,5.053511122879426e-08,1.8519496425625637,1.007315231370234,9.000000000000004,7.794548863731036,7.767421585784562,10.198202169928711,0.5991063689030359,0.15072936262979775,1.4545616174628905e-10,2.1157494989962605e-20,1.376127214898335,1.0036799742023792,10.999999999999995,10.216949498793438,10.19890239817319,2.9364383894381985,7.0998316515044015,0.7451588369162493,0.04077854815348375,0.03176398154034371,0.7241898367607277,0.03308399567031761,0.040886664121985494
"('bates_regr_100_0', 'Tabular', 'Benchmarking/Artificial')",1.1514252801009388,1.124543687187086,1.1144538131316386,0.9380010224251208,0.8798459180705721,49.87233039066474,37.906559114476536,7.089130031342864,3.702820845123057,1.0051855848063207,1.0018538345358172,1.0015411870490507,0.9999810415669648,0.9999620834933518,49.999962062541336,49.48552248844043,50.0,7.071073179905445,3.6840370951434176,1.1448787055380178,1.1211014269270316,1.111944750439687,0.9395315195505771,0.8827194762290165,49.875646631489914,38.33611916266762,49.99999999999999,7.088650279373286,3.7023116551405737,1.0023054345636049,1.000823948014615,1.0006858317117682,0.9999962454841076,0.9999924909823115,49.99999248916958,49.77026631046842,49.999999999999986,7.07106887431013,3.6840326059728694,1.0966442038943873,1.08067640794761,1.0746035820083923,0.9727003958243126,0.9461460600367744,49.94470135236001,41.66763358249034,50.0,7.078890032189668,3.6921768055420836,0.4783128730991532,0.4783128730991531,1.1527631835965917e-16,0.0,0.0,2.0000000000000346,2.000000000000001,0.9566257461983066,0.6764365521944635,0.6026364572533183,6928.320243051448,152.01846462586414,150.05286557394422,-3.9739034497853184e+54,-1.5791908628215653e+109,13.99560681230473,1.0204337994106727,13856.6404861029,6998.7482375888085,6929.285603072366,552841.7897550106,12155.032560716469,12055.078131504344,-1.403707285453735e+102,13.994774959353,1.0204386609632874,1105683.579510021,558462.8860666455,552918.875156495,48.982572122361105,1.1498951107471644,1.1220742865946436,-6.523622729430152,-42.55765351593771,13.982438510000051,1.0205106650503368,97.96514424472223,49.48235497545095,48.98947413139293,48.99488472727255,1.0020333785545352,1.0015975571459532,-6.9816637420669645,-48.743628607292486,13.99999630484044,1.0204081848115982,97.98976945454507,49.49230799982072,49.00168581562875,2.858105600179768,0.07217312925206786,0.06972127056816421,0.11992495100969006,0.014381993874676561,1.2501444153033152,1.0012327460667174,3.0,2.859866716812975,2.8581347705798956,4.625259299750832,0.09900062081687358,0.09448376415321529,0.01884161873844731,0.00035500659668500885,1.4478595857527379,1.0016440476195705,5.000000000000002,4.6290598116075365,4.625310824714678,5.5634788293689805,0.2686676869648877,0.2545421088737068,0.03209461121338477,0.0010300640689383234,2.3980644480533666,1.0111757975798175,6.999999999999999,5.594480609244886,5.564380931100269,8.611602916460008,0.052147472639837544,0.05055419511882044,1.6239443740803686e-05,2.63719533010728e-10,1.3067476705069,1.0002547712538887,9.000000000000002,8.61269984103476,8.611607055744697,9.721476905222703,0.14701319747686645,0.14231532898469973,0.00010448543191972763,1.0917205483452037e-08,1.8710993023792586,1.0017429174021582,11.000000000000004,9.729945082632026,9.72155232152362,19.181726995515902,42.78799201175521,0.023028505602018755,0.02249087374374171,0.022289076262632757,0.0,0.013077532681076592,0.02205275720662596
"('bates_regr_100_1', 'Tabular', 'Benchmarking/Artificial')",1.1344914079473063,1.1238401966899965,1.1113875379921907,0.937882250675281,0.8796231161317306,49.8722649065175,39.046423239502,7.089112033777287,3.7027729331412975,1.0052610334368681,1.0019294528553475,1.0017779268633005,0.9999787134535516,0.9999574273602202,49.999957406417316,49.47810383180736,50.0,7.071073838354646,3.684037781220633,1.1384437501895734,1.1194977414838359,1.1158833974422775,0.938434058962232,0.8806584830203298,49.87339198173353,38.77410114149389,50.0,7.0889587079759,3.702620208394045,1.0023400090819081,1.000861998239717,1.0007896553158875,0.9999957855853827,0.9999915711885268,49.99999156938195,49.766834669184306,49.99999999999999,7.071069004385898,3.6840327415100678,1.0923500936296429,1.0796785437040965,1.077391278642813,0.9721993697503936,0.9451716145430625,49.94369354990404,41.99753064271476,50.0,7.079029596502827,3.6923187364682386,0.3674616440213739,0.3674616440213738,7.623690924762793e-17,0.0,0.0,2.000000000000034,2.0000000000000004,0.734923288042748,0.5196692406269412,0.46297266033150547,6930.529267604273,150.91637282735917,150.17516562489806,-4.0055712683459734e+54,-1.6044601185798768e+109,13.995601504575982,1.0204338071428778,13861.058535208542,7000.979743917005,6931.4949331838225,553146.4551986179,12110.285064102918,12042.112216692942,-1.4222291641824514e+102,13.99458950696792,1.0204397179764138,1106292.9103972358,558770.9386377645,553223.5947408322,49.01380686301723,1.1343021067897907,1.1238393157962157,-6.6267708636182086,-43.914092078899216,13.982398490837493,1.020510715243507,98.02761372603445,49.51390963053785,49.02071313578945,48.99488983121896,1.0018145295180827,1.00168678489084,-6.9816788790631366,-48.7438399703563,13.999996180390118,1.0204081855361815,97.98977966243794,49.4923131731573,49.00169092100688,2.858930760546012,0.07132839067570293,0.06974084877828533,0.11925501346992921,0.014221758237712998,1.2488782245889247,1.001217537585344,3.0,2.860670658936624,2.858959393692538,4.6294144930078245,0.0964195464328839,0.09367512149421707,0.018450813352684118,0.00034043251337558656,1.44321661278712,1.0016034955666397,4.999999999999999,4.633124629114703,4.629464103549281,5.542082683702706,0.25963329863802315,0.25398874059528637,0.033633539366149275,0.001131214970294313,2.421894931586321,1.0115653159547586,6.999999999999999,5.5740385231102465,5.543024343735433,8.610188751845307,0.05138793997467071,0.05053689895329648,1.649887479427391e-05,2.7221286947712693e-10,1.3078305474251066,1.00025653448849,8.999999999999998,8.611293086208512,8.610192929083638,9.723673143466456,0.14746367990963524,0.14291318087869354,0.00010241241756716449,1.0488303271951262e-08,1.8690050409590702,1.0017434269042518,10.999999999999998,9.732145708933185,9.723749032303784,22.949115874850094,48.814382410356515,0.022689828158946115,0.022476803933799912,0.02222775075984381,0.0,0.010766850729841708,0.022849450057574466
"('bates_regr_100_2', 'Tabular', 'Benchmarking/Artificial')",1.1514252801009388,1.124543687187086,1.1144538131316386,0.9380010224251208,0.8798459180705721,49.87233039066474,37.906559114476536,7.089130031342864,3.702820845123057,1.0051855848063207,1.0018538345358172,1.0015411870490507,0.9999810415669648,0.9999620834933518,49.999962062541336,49.48552248844043,50.0,7.071073179905445,3.6840370951434176,1.1448787055380178,1.1211014269270316,1.111944750439687,0.9395315195505771,0.8827194762290165,49.875646631489914,38.33611916266762,49.99999999999999,7.088650279373286,3.7023116551405737,1.0023054345636049,1.000823948014615,1.0006858317117682,0.9999962454841076,0.9999924909823115,49.99999248916958,49.77026631046842,49.999999999999986,7.07106887431013,3.6840326059728694,1.0966442038943873,1.08067640794761,1.0746035820083923,0.9727003958243126,0.9461460600367744,49.94470135236001,41.66763358249034,50.0,7.078890032189668,3.6921768055420836,0.4783128730991532,0.4783128730991531,1.1527631835965917e-16,0.0,0.0,2.0000000000000346,2.000000000000001,0.9566257461983066,0.6764365521944635,0.6026364572533183,6928.320243051448,152.01846462586414,150.05286557394422,-3.9739034497853184e+54,-1.5791908628215653e+109,13.99560681230473,1.0204337994106727,13856.6404861029,6998.7482375888085,6929.285603072366,552841.7897550106,12155.032560716469,12055.078131504344,-1.403707285453735e+102,13.994774959353,1.0204386609632874,1105683.579510021,558462.8860666455,552918.875156495,48.982572122361105,1.1498951107471644,1.1220742865946436,-6.523622729430152,-42.55765351593771,13.982438510000051,1.0205106650503368,97.96514424472223,49.48235497545095,48.98947413139293,48.99488472727255,1.0020333785545352,1.0015975571459532,-6.9816637420669645,-48.743628607292486,13.99999630484044,1.0204081848115982,97.98976945454507,49.49230799982072,49.00168581562875,2.858105600179768,0.07217312925206786,0.06972127056816421,0.11992495100969006,0.014381993874676561,1.2501444153033152,1.0012327460667174,3.0,2.859866716812975,2.8581347705798956,4.625259299750832,0.09900062081687358,0.09448376415321529,0.01884161873844731,0.00035500659668500885,1.4478595857527379,1.0016440476195705,5.000000000000002,4.6290598116075365,4.625310824714678,5.5634788293689805,0.2686676869648877,0.2545421088737068,0.03209461121338477,0.0010300640689383234,2.3980644480533666,1.0111757975798175,6.999999999999999,5.594480609244886,5.564380931100269,8.611602916460008,0.052147472639837544,0.05055419511882044,1.6239443740803686e-05,2.63719533010728e-10,1.3067476705069,1.0002547712538887,9.000000000000002,8.61269984103476,8.611607055744697,9.721476905222703,0.14701319747686645,0.14231532898469973,0.00010448543191972763,1.0917205483452037e-08,1.8710993023792586,1.0017429174021582,11.000000000000004,9.729945082632026,9.72155232152362,19.181726995515902,42.78799201175521,0.023028505602018755,0.02249087374374171,0.022289076262632757,0.0,0.013077532681076592,0.02205275720662596
"('bates_regr_100_3', 'Tabular', 'Benchmarking/Artificial')",1.1198630554702125,1.1136328568676432,1.1107287552815888,0.9440669393945978,0.8912623860578833,49.88526438685883,40.0525105568495,7.087283235194204,3.700884408811732,1.004698397016517,1.001482156122756,1.0013853291838934,0.9999855497891406,0.9999710997870898,49.99997108435721,49.533508237837985,50.00000000000001,7.071071903285516,3.6840357641291455,1.116340477592953,1.1082133763318907,1.1067798364357209,0.9444482244243565,0.8919824486183197,49.88620704871865,40.30393659504344,49.99999999999999,7.087130106259131,3.700704797729054,1.0020877760758737,1.0006591236920401,1.0006146617860492,0.9999971438157397,0.9999942876396372,49.99999428630114,49.79188578091791,49.999999999999986,7.071068620091807,3.6840323410086757,1.077532218539396,1.0721393187373065,1.0711116744549942,0.974989205800134,0.9506039514267762,49.94944865603383,43.15055381214116,49.99999999999999,7.078210133621113,3.691460440161435,0.3073994361429859,0.3073994361429859,7.38858942885145e-17,0.0,0.0,2.000000000000042,2.0000000000000027,0.6147988722859722,0.4347284516592529,0.38729902032236285,6930.1296925283295,149.71047386390453,149.4553626765678,-4.006182596643885e+54,-1.6049498997652342e+109,13.996055213827843,1.0204311678575524,13860.25938505666,7000.567053793447,6931.094929944948,553024.7042833066,12016.719538774687,11980.770392047485,-1.416730936306897e+102,13.995061461569046,1.020436924537047,1106049.4085666132,558647.1850933008,553101.7948382524,49.00802501227535,1.117283239499862,1.113585795216858,-6.650044977463705,-44.22309820229025,13.984221637535553,1.020500146535922,98.0160500245507,49.50781242512833,49.01491994197492,48.99540834284167,1.001519070641812,1.0014776654645097,-6.983553088700657,-48.77001374270049,13.999997276864239,1.0204081791430997,97.99081668568333,49.492836793956336,49.00220949821499,2.857833288826308,0.07222317155211468,0.06994353962157754,0.12015186785569336,0.014436471349212,1.2505649885990031,1.0012376667030825,3.0000000000000004,2.8596012645065803,2.8578626294357554,4.628574555572108,0.0954510519377273,0.093107075518965,0.018544205782717364,0.0003438875681117681,1.4441974814635021,1.0016103801229865,5.000000000000001,4.6322999385857795,4.62862443192304,5.5693958108068635,0.27248413874771726,0.24944516058867106,0.03166912923648352,0.001002933746597095,2.3914501874565146,1.0110716963929514,7.000000000000001,5.600142270959558,5.570287686004634,8.611120763638054,0.05252173228342042,0.05176201092015006,1.631087831094338e-05,2.660447512744031e-10,1.3071020180316935,1.000255509583623,8.999999999999998,8.612220805315166,8.611124922739947,9.714639461851837,0.14949223267739808,0.1414454101727697,0.00010704811983180505,1.1459299959524494e-08,1.876049644736414,1.0017653890634652,11.000000000000004,9.723210739740614,9.714716362281758,19.111978433874764,42.5923339808413,0.02239726110940423,0.022272657137352863,0.022214575105631764,0.0,0.007577707521806977,0.022844264518152288
"('bates_regr_100_4', 'Tabular', 'Benchmarking/Artificial')",1.1483537007584217,1.1329488258660052,1.1192413004658512,0.9375212481564906,0.878946090744904,49.87126530760413,38.11130735113747,7.089287640328136,3.702991845110294,1.005397819098351,1.002108958609277,1.0017896895316265,0.9999783387115176,0.9999566778922467,49.99995665369315,49.464643124523015,50.0,7.071073945262897,3.6840378930960687,1.1418628005064104,1.1299123649368952,1.1236268975832904,0.9370107698984853,0.8779891829057522,49.87024898248463,38.54727702409411,50.0,7.089421161370165,3.7031189401293436,1.002399941664963,1.0009371626887669,1.0007951776557258,0.9999957176532853,0.9999914353249091,49.999991433234186,49.760884090860024,49.99999999999999,7.071069023680169,3.6840327616565016,1.094510088298425,1.0866944853429032,1.082366888590537,0.9715317735205266,0.9438739869599397,49.942285366371664,41.83434946442675,50.0,7.079234178683337,3.692537228240823,0.413871569159172,0.413871569159172,8.455962377412012e-17,-0.0,-0.0,2.0000000000000355,1.9999999999999978,0.8277431383183443,0.5853027861855354,0.5214455019366626,6930.728531443804,151.8038782889587,150.80085343686173,-4.007167772215986e+54,-1.6057393554686425e+109,13.995505765276887,1.020434391178383,13861.45706288761,7001.183036849941,6931.694311114106,552924.1450476744,12169.430385874683,12102.360770791167,-1.406773135212922e+102,13.994338308486443,1.0204411885470814,1105848.2900953488,558546.7704654651,553001.2702562532,49.016620341829515,1.1469569581058041,1.1327196411846367,-6.6284238949762795,-43.93600333149251,13.982027760943458,1.0205130794764041,98.03324068365903,49.51680917420715,49.02352958779879,48.99484003787852,1.002221216565254,1.0018683004215472,-6.981498018254392,-48.741314578890005,13.99999603785201,1.0204081863688366,97.98968007575705,49.49226289448006,49.00164112158838,2.8561925174773366,0.07247464578632307,0.0713328367363402,0.12151546045029099,0.014766007128446234,1.2530956858075664,1.0012676092364354,3.0,2.858002212170633,2.856222902933317,4.626518454690586,0.09849981550233032,0.09442570809388272,0.01871948378097649,0.0003504190730262418,1.4464431198961716,1.0016319814770875,5.0,4.630292111894304,4.626569420546206,5.559293628237645,0.2681575729007711,0.2486640359629409,0.03243523004553445,0.0010520441481067407,2.402932854052024,1.0112417172721335,6.999999999999998,5.5904543017172434,5.560201126867272,8.6108327892978,0.05263074800238758,0.05160540018656084,1.635941462245962e-05,2.676304467895456e-10,1.3073188719316937,1.0002559018329367,8.999999999999998,8.611934482767909,8.610836957757632,9.72999203127285,0.14267308866408088,0.13924918728718552,0.00010149051517544123,1.0300324670576465e-08,1.865007286118973,1.0017140038776893,11.0,9.738327083259849,9.73006546062347,18.05365571052772,43.549826128567325,0.02296707401516846,0.022658976517320104,0.022384826009317044,0.0,0.010202114001628784,0.022387461110962105
"('bates_regr_100_5', 'Tabular', 'Benchmarking/Artificial')",1.1198630554702125,1.1136328568676432,1.1107287552815888,0.9440669393945978,0.8912623860578833,49.88526438685883,40.0525105568495,7.087283235194204,3.700884408811732,1.004698397016517,1.001482156122756,1.0013853291838934,0.9999855497891406,0.9999710997870898,49.99997108435721,49.533508237837985,50.00000000000001,7.071071903285516,3.6840357641291455,1.116340477592953,1.1082133763318907,1.1067798364357209,0.9444482244243565,0.8919824486183197,49.88620704871865,40.30393659504344,49.99999999999999,7.087130106259131,3.700704797729054,1.0020877760758737,1.0006591236920401,1.0006146617860492,0.9999971438157397,0.9999942876396372,49.99999428630114,49.79188578091791,49.999999999999986,7.071068620091807,3.6840323410086757,1.077532218539396,1.0721393187373065,1.0711116744549942,0.974989205800134,0.9506039514267762,49.94944865603383,43.15055381214116,49.99999999999999,7.078210133621113,3.691460440161435,0.3073994361429859,0.3073994361429859,7.38858942885145e-17,0.0,0.0,2.000000000000042,2.0000000000000027,0.6147988722859722,0.4347284516592529,0.38729902032236285,6930.1296925283295,149.71047386390453,149.4553626765678,-4.006182596643885e+54,-1.6049498997652342e+109,13.996055213827843,1.0204311678575524,13860.25938505666,7000.567053793447,6931.094929944948,553024.7042833066,12016.719538774687,11980.770392047485,-1.416730936306897e+102,13.995061461569046,1.020436924537047,1106049.4085666132,558647.1850933008,553101.7948382524,49.00802501227535,1.117283239499862,1.113585795216858,-6.650044977463705,-44.22309820229025,13.984221637535553,1.020500146535922,98.0160500245507,49.50781242512833,49.01491994197492,48.99540834284167,1.001519070641812,1.0014776654645097,-6.983553088700657,-48.77001374270049,13.999997276864239,1.0204081791430997,97.99081668568333,49.492836793956336,49.00220949821499,2.857833288826308,0.07222317155211468,0.06994353962157754,0.12015186785569336,0.014436471349212,1.2505649885990031,1.0012376667030825,3.0000000000000004,2.8596012645065803,2.8578626294357554,4.628574555572108,0.0954510519377273,0.093107075518965,0.018544205782717364,0.0003438875681117681,1.4441974814635021,1.0016103801229865,5.000000000000001,4.6322999385857795,4.62862443192304,5.5693958108068635,0.27248413874771726,0.24944516058867106,0.03166912923648352,0.001002933746597095,2.3914501874565146,1.0110716963929514,7.000000000000001,5.600142270959558,5.570287686004634,8.611120763638054,0.05252173228342042,0.05176201092015006,1.631087831094338e-05,2.660447512744031e-10,1.3071020180316935,1.000255509583623,8.999999999999998,8.612220805315166,8.611124922739947,9.714639461851837,0.14949223267739808,0.1414454101727697,0.00010704811983180505,1.1459299959524494e-08,1.876049644736414,1.0017653890634652,11.000000000000004,9.723210739740614,9.714716362281758,19.111978433874764,42.5923339808413,0.02239726110940423,0.022272657137352863,0.022214575105631764,0.0,0.007577707521806977,0.022844264518152288
"('bates_classif_100_0', 'Tabular', 'Benchmarking/Artificial')",1.132069993499423,1.1158071725382153,1.1100792943587665,0.9367200694306183,0.8774444884741023,49.87017560050018,39.216346905808706,7.089357004626873,3.7029773633836247,1.0053921412810638,1.0020124600891032,1.001818069516145,0.9999782540254761,0.9999565085238398,49.99995648504555,49.4652021482245,50.00000000000001,7.071073969010341,3.684037917733658,1.134917082443909,1.1177932252369271,1.1110327755310567,0.9369098288613513,0.8778000274170067,49.87059557575078,39.01915529984312,50.0,7.089295261709988,3.7029110224962896,1.0023959645390552,1.0008903304482997,1.0008077836814662,0.9999957095942742,0.999991419206956,49.99999141718361,49.761278987977995,49.999999999999986,7.071069025940505,3.6840327640018193,1.0899185549245753,1.0784423097745426,1.0739025038684646,0.9715866720398514,0.9439806612854738,49.94256086719776,42.186831651824754,50.0,7.079172598705007,3.692450081032199,0.3167041162208975,0.3167041162208975,6.582778085899957e-17,0.0,0.0,2.0000000000000386,1.9999999999999991,0.6334082324417952,0.4478872564189782,0.39902218261506117,6929.168716581808,150.72564438880582,149.55439919559618,-3.985075125009883e+54,-1.5880823751972532e+109,13.995543252002573,1.0204341183189325,13858.33743316362,6999.606429817,6930.134232675246,552864.891459308,12131.239065776217,12021.917146211803,-1.4038239655667765e+102,13.994513480076657,1.0204401114742754,1105729.7829186162,558486.6195930492,552941.9956199956,48.994589880702605,1.1315747477009483,1.1150002784832884,-6.555562760014389,-42.97540310048748,13.98215726697171,1.0205118854749005,97.98917976140523,49.494524949458835,49.00149439404518,48.99482036898179,1.0019847116454264,1.0017543856972198,-6.9814276131249775,-48.740331517303915,13.99999602418895,1.0204081864475882,97.98964073796361,49.49224302780355,49.00162145003917,2.8573069803493176,0.07274767936781158,0.06994534028287104,0.12057781695444202,0.014539009941498924,1.2513714053867167,1.0012474671754488,3.0,2.8590886232213277,2.857336670393118,4.626131318977636,0.09524410540713295,0.09450740912734215,0.01878484711861088,0.0003528704812695834,1.4469585340087479,1.0016332825221892,5.0,4.629907667360103,4.626182232337061,5.553250814068919,0.2668018470941322,0.25287184877812635,0.03273318028324878,0.0010714610914556665,2.4089972839145797,1.0113804159275281,7.0,5.584760571158855,5.554176241764192,8.611455100688191,0.05137759483056663,0.049986447117895585,1.627648907372158e-05,2.6492409656697796e-10,1.3068698766185352,1.00025487113952,9.0,8.612552436460058,8.611459239709236,9.726549841326944,0.15062506640151604,0.14432463206057233,0.00010122299158062814,1.0246094024531915e-08,1.866859522561561,1.0017351772222853,11.0,9.734984827731822,9.726625272637149,19.225798961905795,44.866732186635225,0.022641399869988442,0.022316143450764304,0.02220158588717532,0.0,0.0036168612340157697,0.02246407758412367
"('bates_classif_100_1', 'Tabular', 'Benchmarking/Artificial')",1.1358148783788142,1.119459366523587,1.1116928558445924,0.9413777192956523,0.8861920103862839,49.87956006142517,38.944306864250535,7.088095211933033,3.701733634063017,1.004923917464013,1.0017974109610883,1.0014539571591945,0.9999831845653767,0.9999663694135124,49.99996635118391,49.51128794302637,50.0,7.071072573034224,3.684036462401231,1.1339809408014876,1.1150635349413136,1.1097732580431243,0.9422819453244784,0.8878952644844833,49.88155531850501,39.06712837286853,50.00000000000001,7.087800746502148,3.701415144419677,1.0021881857424992,1.0007971751378308,1.0006465596897347,0.9999966787907897,0.9999933575926098,49.99999335601403,49.781910792632445,50.0,7.071068751687471,3.68403247816616,1.089252173518988,1.076688689291601,1.0731785403174745,0.9739801603658131,0.9486373527862151,49.94735589676122,42.23055979287348,49.99999999999999,7.078510072162854,3.6917767718537293,0.29609564493216717,0.29609564493216706,7.26531902216519e-17,-0.0,-0.0,2.0000000000000346,2.000000000000005,0.5921912898643344,0.4187424768226791,0.3730571358322356,6930.118830613321,151.01544847724435,149.84436891669213,-4.004247930465019e+54,-1.6034001488633384e+109,13.995925160783607,1.0204319461562559,13860.23766122664,7000.558751194602,6931.084179453173,552825.9486513578,12092.095052413742,12041.987831288545,-1.4032197740678316e+102,13.994882767718016,1.0204380170050986,1105651.8973027153,558446.7076895343,552903.0243988088,49.00794825477816,1.135729340414181,1.119235319535873,-6.638410411685888,-44.0684927939796,13.98370846107752,1.0205032955339552,98.01589650955631,49.50781126879033,49.014846486223774,48.995178145335764,1.0018760685530863,1.0015606536875592,-6.982723659576174,-48.75842970600488,13.999996900463824,1.0204081813385362,97.99035629067151,49.49260431260056,49.00197927095017,2.857343652316011,0.0736303977332957,0.06902594995069346,0.12050803567571292,0.014522186662418897,1.2512954373244074,1.0012476117452735,3.0000000000000004,2.85912552446855,2.8573733770364176,4.626649697832906,0.09658028878108706,0.09430527620084395,0.01872562976454601,0.0003506492100788515,1.4463496029727863,1.0016291022213746,5.0,4.630416806855972,4.626700454571406,5.553617414902468,0.2682036864173931,0.2619496381417196,0.032707204778462756,0.0010697612444202967,2.4085763110003624,1.0113749816495827,6.999999999999999,5.585114247294412,5.554542623375562,8.610939052910451,0.05256865042363301,0.05099389008347296,1.6351504606419034e-05,2.673717028937429e-10,1.3072475654373015,1.0002556777287277,8.999999999999998,8.612039795225753,8.610943214023004,9.7221540998421,0.14771321612249977,0.1423867427714889,0.00010344272741904673,1.0700397855891202e-08,1.870286793094739,1.0017457133038803,10.999999999999998,9.730636446397245,9.722229998427911,17.029471754731166,43.60063448273321,0.022716297567576288,0.022389187330471745,0.022233857116891863,0.0,0.008651372409030113,0.02261115032683572
"('bates_classif_100_2', 'Tabular', 'Benchmarking/Artificial')",1.132069993499423,1.1158071725382153,1.1100792943587665,0.9367200694306183,0.8774444884741023,49.87017560050018,39.216346905808706,7.089357004626873,3.7029773633836247,1.0053921412810638,1.0020124600891032,1.001818069516145,0.9999782540254761,0.9999565085238398,49.99995648504555,49.4652021482245,50.00000000000001,7.071073969010341,3.684037917733658,1.134917082443909,1.1177932252369271,1.1110327755310567,0.9369098288613513,0.8778000274170067,49.87059557575078,39.01915529984312,50.0,7.089295261709988,3.7029110224962896,1.0023959645390552,1.0008903304482997,1.0008077836814662,0.9999957095942742,0.999991419206956,49.99999141718361,49.761278987977995,49.999999999999986,7.071069025940505,3.6840327640018193,1.0899185549245753,1.0784423097745426,1.0739025038684646,0.9715866720398514,0.9439806612854738,49.94256086719776,42.186831651824754,50.0,7.079172598705007,3.692450081032199,0.3167041162208975,0.3167041162208975,6.582778085899957e-17,0.0,0.0,2.0000000000000386,1.9999999999999991,0.6334082324417952,0.4478872564189782,0.39902218261506117,6929.168716581808,150.72564438880582,149.55439919559618,-3.985075125009883e+54,-1.5880823751972532e+109,13.995543252002573,1.0204341183189325,13858.33743316362,6999.606429817,6930.134232675246,552864.891459308,12131.239065776217,12021.917146211803,-1.4038239655667765e+102,13.994513480076657,1.0204401114742754,1105729.7829186162,558486.6195930492,552941.9956199956,48.994589880702605,1.1315747477009483,1.1150002784832884,-6.555562760014389,-42.97540310048748,13.98215726697171,1.0205118854749005,97.98917976140523,49.494524949458835,49.00149439404518,48.99482036898179,1.0019847116454264,1.0017543856972198,-6.9814276131249775,-48.740331517303915,13.99999602418895,1.0204081864475882,97.98964073796361,49.49224302780355,49.00162145003917,2.8573069803493176,0.07274767936781158,0.06994534028287104,0.12057781695444202,0.014539009941498924,1.2513714053867167,1.0012474671754488,3.0,2.8590886232213277,2.857336670393118,4.626131318977636,0.09524410540713295,0.09450740912734215,0.01878484711861088,0.0003528704812695834,1.4469585340087479,1.0016332825221892,5.0,4.629907667360103,4.626182232337061,5.553250814068919,0.2668018470941322,0.25287184877812635,0.03273318028324878,0.0010714610914556665,2.4089972839145797,1.0113804159275281,7.0,5.584760571158855,5.554176241764192,8.611455100688191,0.05137759483056663,0.049986447117895585,1.627648907372158e-05,2.6492409656697796e-10,1.3068698766185352,1.00025487113952,9.0,8.612552436460058,8.611459239709236,9.726549841326944,0.15062506640151604,0.14432463206057233,0.00010122299158062814,1.0246094024531915e-08,1.866859522561561,1.0017351772222853,11.0,9.734984827731822,9.726625272637149,19.225798961905795,44.866732186635225,0.022641399869988442,0.022316143450764304,0.02220158588717532,0.0,0.0036168612340157697,0.02246407758412367
"('bates_classif_100_3', 'Tabular', 'Benchmarking/Artificial')",1.129369163782654,1.1253270709947543,1.117329663088866,0.9416335191348112,0.8866736843582088,49.88006544043273,39.389378555246,7.088029071266285,3.701670853778581,1.0049688537949621,1.0016294382812005,1.0015195987746133,0.9999830501188474,0.9999661005249932,49.99996608260015,49.50686086267475,49.99999999999999,7.071072610973682,3.6840365018886048,1.127975877405927,1.1222934169407264,1.1180560666632975,0.9417216774700188,0.8868397178169461,49.88035391728794,39.48612952113253,49.99999999999999,7.087973658940199,3.7015980826852117,1.0022088551251662,1.0007264033332557,1.0006736982107765,0.9999966469540117,0.9999932939192664,49.999993292366085,49.77985755339757,49.99999999999998,7.071068760685017,3.6840324875378396,1.0853241916072678,1.0816502335719334,1.0786432024029227,0.9737228839012013,0.9481362546328723,49.946821251018626,42.53771535637415,49.99999999999999,7.078586831755644,3.691857882630511,0.40194903282283223,0.40194903282283223,8.492856002021023e-17,0.0,0.0,2.000000000000037,1.9999999999999991,0.8038980656456648,0.5684417736007976,0.5064240474383717,6929.578462576523,150.5693205814165,150.03121427892196,-3.995797914865612e+54,-1.5966400976444372e+109,13.9958809415248,1.020432190809134,13859.156925153044,7000.013729827421,6930.543768923994,552862.6332286744,12078.256484539113,12031.58621166803,-1.405408432672922e+102,13.994858810458576,1.02043813053342,1105725.2664573488,558483.7963176498,552939.7150890003,49.000286788447596,1.1293690673852785,1.121796963145887,-6.607817834126192,-43.66325652899616,13.983526395262212,1.0205042466735599,98.00057357689516,49.5000947260948,49.007184788549175,48.995196893046625,1.0016806724998346,1.0016393880194554,-6.982787623264274,-48.75932299161273,13.999996784604395,1.0204081820135158,97.99039378609322,49.492623267017656,49.00199802193758,2.8569923860508353,0.07206188489010876,0.07094572905905587,0.12085662949586892,0.014606324893101734,1.2518652438104476,1.0012528428945622,3.0,2.858781507159664,2.8570222503886322,4.630533895619925,0.09637065665487385,0.09512864802091758,0.01833002334649548,0.0003359897558830693,1.4419192797115659,1.001594050655224,5.0,4.6342230788142995,4.6305831256138825,5.55573149626756,0.2778516244947033,0.255307439495665,0.03252531515046888,0.0010578961256373207,2.406043946778091,1.0113458075663195,6.999999999999999,5.587159733239024,5.556655316386825,8.6103049839815,0.052854169922064674,0.051369489915683644,1.6450152731367694e-05,2.70607524885324e-10,1.3077175929309073,1.0002566105518742,8.999999999999998,8.611409660674992,8.6103091691082,9.725417999213288,0.15197249876785218,0.14587267577416413,0.00010173297632750867,1.0349598472453439e-08,1.867706345779246,1.0017386169931342,11.000000000000002,9.733868716167807,9.725493665893229,20.550533233724444,43.97196260527199,0.022587383275653083,0.022506541419895103,0.022346593261777323,0.0,0.006946907147157934,0.022840272834141414
"('bates_classif_100_4', 'Tabular', 'Benchmarking/Artificial')",1.1442546917214322,1.1306494935527966,1.1150773230305473,0.9391028112389272,0.8819140900768562,49.8744986709782,38.38005415382595,7.08884521134789,3.7025462005308545,1.0053839073269577,1.0022363726663535,1.0019326245440678,0.9999787663124394,0.9999575330757484,49.99995750908113,49.46601035267745,49.99999999999999,7.0710738242688675,3.684037766995438,1.1438374787575776,1.1341968008640564,1.1174506895989016,0.9369798248066619,0.8779311920947227,49.870011893503694,38.41491950490674,49.99999999999999,7.089478441584659,3.7032023789584887,1.0023923867091504,1.000995795967213,1.0008594175805647,0.999995804677581,0.9999916093727627,49.9999916073005,49.76163383524014,49.99999999999999,7.071068999061059,3.684032736000847,1.0959280893733967,1.0895022293726142,1.0781587752756752,0.9715118760347852,0.9438353252766277,49.94219398426489,41.72639763756909,50.0,7.079254157598415,3.6925652338764383,0.4081068623695853,0.4081068623695853,1.099192272512757e-16,-0.0,-0.0,2.000000000000039,2.0000000000000036,0.816213724739171,0.5771502596605976,0.5141824265059904,6929.733985099267,151.43437299463764,150.45718108268767,-3.995484562271681e+54,-1.5963896887351329e+109,13.99569428306796,1.0204333031471384,13859.467970198537,7000.174648470716,6930.699473767926,552932.9745991575,12143.448830601932,12072.765279430481,-1.4076436323547148e+102,13.994398958379897,1.0204408458518563,1105865.9491983152,558555.5960136832,553010.0972916477,49.00254663709536,1.1417253806342966,1.127790004849593,-6.599006485808085,-43.546886599737164,13.982784880367136,1.0205087638087649,98.00509327419073,49.502487183369546,49.00944966458552,48.994965486311415,1.0019157603415025,1.0018514273150791,-6.981950851556835,-48.74763769355522,13.999996280487819,1.0204081849534183,97.98993097262283,49.49238958220946,49.001766586019535,2.8552984424322343,0.07314772778802221,0.07155382977974369,0.12224824018096679,0.014944632227343345,1.254468472731317,1.001284298838561,3.0000000000000004,2.8571313823470983,2.855329422951666,4.62572093443545,0.0983646648702777,0.09577273792422022,0.01880221946327065,0.0003535234567449936,1.4473553829318635,1.0016391758728835,5.0,4.629510567177895,4.6257722138255035,5.534249936062896,0.25753277533420793,0.2568769046185545,0.03415761201295852,0.0011667424584278084,2.430392904404149,1.0117217970420227,7.0,5.56659111525843,5.535209202061071,8.611377621478498,0.05148222983806156,0.05079117105806996,1.6281847156888983e-05,2.650985468402938e-10,1.306921594666244,1.0002550362027103,9.0,8.612475657997535,8.61138176590836,9.718564485757433,0.14732562685941283,0.1431939797533902,0.00010491046441081015,1.1006205542891863e-08,1.872946564719198,1.0017564307291766,10.999999999999998,9.727095733917476,9.718641017662682,18.82589612913997,41.83294218063083,0.02288509383442866,0.02261298987105596,0.022301546460610968,0.0,0.0052788319108371074,0.02322019411688748
"('bates_classif_100_5', 'Tabular', 'Benchmarking/Artificial')",1.129369163782654,1.1253270709947543,1.117329663088866,0.9416335191348112,0.8866736843582088,49.88006544043273,39.389378555246,7.088029071266285,3.701670853778581,1.0049688537949621,1.0016294382812005,1.0015195987746133,0.9999830501188474,0.9999661005249932,49.99996608260015,49.50686086267475,49.99999999999999,7.071072610973682,3.6840365018886048,1.127975877405927,1.1222934169407264,1.1180560666632975,0.9417216774700188,0.8868397178169461,49.88035391728794,39.48612952113253,49.99999999999999,7.087973658940199,3.7015980826852117,1.0022088551251662,1.0007264033332557,1.0006736982107765,0.9999966469540117,0.9999932939192664,49.999993292366085,49.77985755339757,49.99999999999998,7.071068760685017,3.6840324875378396,1.0853241916072678,1.0816502335719334,1.0786432024029227,0.9737228839012013,0.9481362546328723,49.946821251018626,42.53771535637415,49.99999999999999,7.078586831755644,3.691857882630511,0.40194903282283223,0.40194903282283223,8.492856002021023e-17,0.0,0.0,2.000000000000037,1.9999999999999991,0.8038980656456648,0.5684417736007976,0.5064240474383717,6929.578462576523,150.5693205814165,150.03121427892196,-3.995797914865612e+54,-1.5966400976444372e+109,13.9958809415248,1.020432190809134,13859.156925153044,7000.013729827421,6930.543768923994,552862.6332286744,12078.256484539113,12031.58621166803,-1.405408432672922e+102,13.994858810458576,1.02043813053342,1105725.2664573488,558483.7963176498,552939.7150890003,49.000286788447596,1.1293690673852785,1.121796963145887,-6.607817834126192,-43.66325652899616,13.983526395262212,1.0205042466735599,98.00057357689516,49.5000947260948,49.007184788549175,48.995196893046625,1.0016806724998346,1.0016393880194554,-6.982787623264274,-48.75932299161273,13.999996784604395,1.0204081820135158,97.99039378609322,49.492623267017656,49.00199802193758,2.8569923860508353,0.07206188489010876,0.07094572905905587,0.12085662949586892,0.014606324893101734,1.2518652438104476,1.0012528428945622,3.0,2.858781507159664,2.8570222503886322,4.630533895619925,0.09637065665487385,0.09512864802091758,0.01833002334649548,0.0003359897558830693,1.4419192797115659,1.001594050655224,5.0,4.6342230788142995,4.6305831256138825,5.55573149626756,0.2778516244947033,0.255307439495665,0.03252531515046888,0.0010578961256373207,2.406043946778091,1.0113458075663195,6.999999999999999,5.587159733239024,5.556655316386825,8.6103049839815,0.052854169922064674,0.051369489915683644,1.6450152731367694e-05,2.70607524885324e-10,1.3077175929309073,1.0002566105518742,8.999999999999998,8.611409660674992,8.6103091691082,9.725417999213288,0.15197249876785218,0.14587267577416413,0.00010173297632750867,1.0349598472453439e-08,1.867706345779246,1.0017386169931342,11.000000000000002,9.733868716167807,9.725493665893229,20.550533233724444,43.97196260527199,0.022587383275653083,0.022506541419895103,0.022346593261777323,0.0,0.006946907147157934,0.022840272834141414
"('yeast_ml8_0', nan, 'Bio')",6.002293792577889,3.963997975245708,3.5450968396724902,1.709492427094075e-05,2.922364358291992e-10,31.97928116556083,3.123372026268665,10.607892429229627,7.431273324838807,2.8557104714169292,2.014620536519015,1.8917854201525348,0.07668848243729097,0.005881123338534685,45.05765035467444,7.554371682754155,49.99999999999999,7.848982276172169,4.529428103246986,6.30613927155524,4.163728064612052,3.720519327104871,8.035493848368061e-06,6.456916138716095e-11,30.784113628690537,3.0095037840523244,50.0,10.939840869387183,7.761902319737741,1.8859454544136838,1.5103592649770343,1.4915621255682103,0.477699295820142,0.2281966172270595,48.50617041257836,14.960918773652295,49.99999999999999,7.294713848414373,3.926654000204825,4.607185791332979,3.171854063229626,2.858200469169205,0.004528506246569734,2.05073688252211e-05,39.095663409950944,3.932594180101052,50.00000000000001,9.13640393610097,6.008083677560818,3.8382309203429554,3.8382309203429545,1.0112996358875882e-15,-0.0,-0.0,2.0000000000000346,2.000000000000001,7.676461840685913,5.428078223068773,4.835867930897461,3405.4196858715486,249.22489290511555,176.40060105264203,-3.7935136800334347e+45,-1.4390746040600811e+91,13.054783697312317,1.0276482080139409,6810.839371743096,3452.1755860571843,3406.621696020852,131041.92352400704,10451.961616173707,7433.778997417827,-6.0770046479423134e+84,12.780266188905772,1.0299595524146243,262083.84704801414,132990.41592212341,131098.5115609875,49.33256797611668,5.9827563818058405,3.909327503425481,-0.00027900387310408957,-7.784316120708291e-08,11.281499575453592,1.0450059436612709,98.66513595223333,50.43048016884614,49.38664593511592,47.758163371119274,2.1164314312654553,1.828310491181651,-0.5647177104760653,-0.3189060925253292,13.47935220430844,1.0236649934944044,95.51632674223855,48.31995740544263,47.76833798908761,2.3332950443488776,0.44874306687782856,0.21796188877329353,0.47772061919267117,0.22821699000182916,1.9545695732890045,1.0457137354820207,2.9999999999999996,2.3860309069690553,2.3394454496246833,3.6335858437813515,0.5556436951028093,0.3546680301182645,0.18794934240998268,0.03532495531234491,2.56797322104049,1.0411949704047618,5.0,3.70767326733621,3.639724207244799,4.4868463010936726,0.7075783006853468,0.46438887873414314,0.13523260333416082,0.01828785700453448,3.589476130089287,1.0581382608895626,7.000000000000001,4.615432479531416,4.496919486474167,8.289669442149828,0.1531534067709165,0.11773148705684738,0.00013822497235947885,1.9106142983778692e-08,1.545269619382313,1.0010398675450858,8.999999999999996,8.293978401360366,8.289708329926555,9.387594693052264,0.3143336152156391,0.24494876303934984,0.00015929414469097376,2.5374624532828884e-08,2.0862047275737834,1.0036839057571278,11.0,9.404870304315178,9.387877728499214,14.876539699363509,0.01341618690970789,0.12004587585155772,0.07927995950491416,0.07090193679344985,0.0,0.0006128414735099224,0.07978814737686249
"('yeast_ml8_1', nan, 'Bio')",5.763740452511277,3.608358312998643,3.166802492437421,7.086630438330548e-05,5.022033096947301e-09,33.85701317279513,3.1429217274639907,10.218124701507316,7.095945333777699,2.7965960177210363,2.04552030550715,1.8208953590063635,0.12629099537992503,0.015949415514052247,45.98079555091229,7.605593084698384,49.99999999999999,7.712519549920907,4.409709467421236,6.262985319264607,3.7448659802978272,3.276424245782507,3.8902587215865954e-05,1.513411292088057e-09,32.61533005643632,2.858124105411969,50.00000000000001,10.588195099986796,7.514219027307983,1.9024075773695344,1.532417178139309,1.4280830088772187,0.5632109743086607,0.3172066015817109,48.815013307025396,14.530664644277119,49.999999999999986,7.251808164132461,3.885753160068225,4.575921414244055,2.9505732900346575,2.573290271799268,0.009057956995684038,8.204658493566141e-05,40.22271530050149,3.815581970142421,50.0,8.938382826730097,5.847680048575409,4.76423432983927,4.76423432983927,9.243135784928114e-16,0.0,0.0,2.0000000000000338,2.0000000000000036,9.528468659678543,6.737644803582189,6.00255911879629,3398.06366397938,225.89863611475937,165.41218577343855,-5.6269603683204035e+45,-3.1662682986648492e+91,13.19725720571122,1.0264012130176128,6796.12732795876,3442.6279437248045,3399.113561000527,129332.85340422661,9870.422377153734,6816.826240698375,-6.6848328779381485e+84,12.89172454439916,1.0290225478770736,258665.70680845322,131196.21469328259,129384.33929689169,49.08823053553961,5.244904273412863,3.6069279776197107,-0.0009603881134537251,-9.223453284632051e-07,11.638201453530662,1.0407634248813893,98.17646107107923,50.07873942404828,49.130947086856516,47.91998068575615,2.3024556671726195,1.8652204333942297,-0.8094283370382325,-0.6551742328004785,13.570343693860215,1.0231045407509785,95.8399613715123,48.47040409405833,47.929679505493034,2.396594624507762,0.40405106462561496,0.199354310866622,0.43936780835488465,0.19304407101857463,1.8768258534189932,1.0353431782696174,2.9999999999999987,2.4385785200205667,2.400875005335313,3.605579556078876,0.6301937825628987,0.3065381310860247,0.19045210322458744,0.036272003622668914,2.5858154569441734,1.0458790161249396,4.999999999999999,3.687362268774948,3.613343577687354,4.516187394118775,0.6718581566776555,0.49244405897454085,0.13014601886791322,0.016937986227167225,3.554436925289103,1.0558375113878578,6.999999999999999,4.640561128767953,4.5255820813314855,8.283373855504315,0.1727859983095994,0.11306839690128137,0.00014046688279510536,1.9730945162173863e-08,1.548907466736935,1.001090058579162,9.0,8.287887307225425,8.283418046757346,9.396588115537886,0.337383508266809,0.2891336864672533,0.00012186793457993196,1.4851793478778577e-08,2.0674857508047753,1.003875839932233,11.0,9.414780340769466,9.396913300652331,13.514667835045412,29.040194299671395,0.1152748090502255,0.07216716625997283,0.06333604984874838,0.0,0.06389987970819529,0.09428427993067053
"('yeast_ml8_2', nan, 'Bio')",6.090471639558323,4.062839148342115,3.5858841878520584,1.2217430897399073e-05,1.492656177327215e-10,31.495829117956767,3.1023568900663174,10.727457525915982,7.541995455993943,2.8920315557588308,1.991063238240995,1.9327545110033257,0.06930618941690858,0.0048033478914924115,44.882295788314934,7.416900446795264,50.00000000000001,7.876154962127295,4.5561046771332965,6.387284851233262,4.226781490579782,3.7432295638552886,6.169698982300442e-06,3.806518553219911e-11,30.425058225976585,2.9836789426879355,50.0,11.032967256453308,7.8500662565104,1.9031298808641408,1.5065575897027206,1.4859908542916174,0.4635373262739816,0.21486685284923165,48.44714521216215,14.72732368417014,49.99999999999999,7.303488405658541,3.9357936341237565,4.660773107682353,3.2112772488251697,2.875990196831741,0.003962744263210896,1.5703342095610864e-05,38.85108312832783,3.8873656199767317,50.00000000000001,9.189368262473964,6.062585075451545,3.8569237311300553,3.8569237311300544,5.864415017519855e-16,0.0,0.0,2.000000000000029,1.9999999999999996,7.713847462260112,5.4545138496027645,4.85941939668983,3405.5118685277585,251.82701290871668,181.34928339927967,-3.41305917348583e+45,-1.1648972921715777e+91,13.02076583326959,1.0279478815046477,6811.023737055518,3452.7723574372635,3406.7485805597103,131285.1187441602,10536.783593845417,7552.077846835779,-5.782953870669278e+84,12.753381968993587,1.0301899573530504,262570.2374883204,133252.1292114369,131342.85012582448,49.34851141839492,6.069648628156026,4.051487657757769,-0.00019646738136030418,-3.85994319385752e-08,11.191939064113727,1.046078393286836,98.69702283678988,50.472657599062394,49.40519070974541,47.70718079785159,2.1231816342227217,1.8270031977823222,-0.5025034001896456,-0.2525096672021551,13.45485592905176,1.023821500936768,95.41436159570321,48.272064826853644,47.717515767418966,2.320042098579696,0.45096393816755137,0.22899396325275256,0.4894753851239921,0.23958615264228036,1.973882621764542,1.0475247891796118,3.0,2.3745319639701354,2.3264475618670892,3.559913310988235,0.6911835685102623,0.33771817714181623,0.18153134464057022,0.03295362908701348,2.6046725383712563,1.0537796088806877,5.000000000000001,3.6543851519928072,3.5701242047784407,4.515002615715326,0.6286345692473482,0.4834554470544343,0.13449366363902468,0.018088545559047108,3.570344866919386,1.0545977575679892,7.0,4.636619186652015,4.523765502787662,8.261018147742558,0.185705578445651,0.11797500997037223,0.0001498755988142651,2.2462695119934538e-08,1.564160551865054,1.0011992984550853,9.000000000000002,8.265970376538396,8.261070761608869,9.469445113970451,0.32978501882583744,0.23806744829775278,0.00011055864105518874,1.2223213111970068e-08,2.0183140125965635,1.0034338295747336,11.000000000000004,9.485689411228416,9.46971911601243,14.804944755091821,0.014981093249537884,0.12180943279116647,0.0812567829668423,0.07171768375704123,0.0,0.0,0.04090668595474737
"('mtp_0', nan, 'Bio')",17.40452482370348,6.1372460434222695,3.62082854913822,2.0068439474884022e-22,4.0274226295708326e-44,13.083572564684971,1.2767972870978508,19.66632203078215,17.777169855771874,13.048639592360496,4.186516574069963,3.048478004216957,1.7611234006225304e-12,3.1015556322202654e-24,22.107122156256576,1.3487458717927638,50.0,15.154105281864162,13.328730681123709,18.573248181053586,7.3763321712230345,4.266477697758239,1.4267614380327363e-21,2.0356482010572416e-42,11.801478058944866,1.277179531925354,50.0,20.990067582517227,19.060603496075434,8.857062345525316,3.0610541743661277,2.2881139901878984,8.490361998731771e-05,7.208624686950855e-09,33.192037608954976,1.636144184396621,50.0,11.329232465763914,9.191719849907704,14.524356345327746,5.779771708574471,3.409479542698583,2.4589667133341986e-09,6.046517297285592e-18,19.864252618371747,1.33309917739251,50.00000000000001,16.76980936614896,14.934026755530981,161.30410436836885,161.30410436836877,4.287323357209102e-14,-0.0,-0.0,2.0000000000000377,1.9999999999999964,322.6082087367378,228.11845206419238,203.23043652814738,4182.907736665289,636.468058700886,375.5867036159082,-6.439893787617915e+44,-4.147223199579982e+89,11.281102147813977,1.0495982693289623,8365.815473330578,4285.3849327933285,4189.648591529643,195476.0346573131,34390.687802413595,19776.02757689041,-8.975021366957818e+85,10.813675538871163,1.058654703704612,390952.0693146263,201127.14381055487,195934.98669952535,42.6027271490622,10.873810628063065,6.0113532961701726,-4.353370861292931e-21,-1.895183785595436e-41,7.940913412210174,1.1094391341990737,85.20545429812437,44.87341699773484,42.896680818011696,42.76726101817861,6.688891264252833,3.5429278488667277,-6.843395311316742e-11,-4.683205938695197e-21,10.697538599652765,1.0524609264702627,85.53452203635723,43.874727067979066,42.8404632390227,1.7973131202766446,0.9100327693923552,0.2926541103310004,0.6918591707208517,0.4786691121105445,2.4493604859416633,1.2828828045980398,3.0000000000000004,2.0357162184302893,1.8743211466258294,2.1955943527813515,1.0873468841233995,0.9999776304957916,0.46599971405509305,0.2171557334994285,3.938723974442442,1.5216241748121484,5.000000000000001,2.7083563442467216,2.353908185679499,3.4103796423129067,1.0725975769215497,0.7775481304495865,0.30316363372740984,0.0919081888148071,4.787865677359006,1.2192315352104157,7.0,3.7657008878198965,3.4690903049281636,7.041970148054021,0.804666958402548,0.37200596521060403,0.001947702273852304,3.7935441475694356e-06,2.4411987417708216,1.0186895586269074,8.999999999999998,7.107471175455592,7.046032762191819,7.147052546365569,1.0,0.9782102178311148,0.00179412270907154,3.218876295206202e-06,3.734782219922358,1.0522579568679318,11.0,7.33141973668412,7.161860495915953,0.00164987242232074,0.0026861558043782593,0.3480904964740696,0.12274492086844545,0.07241657098276441,0.0,0.0,0.0
"('mtp_1', nan, 'Bio')",17.119080631941532,6.169351407084339,3.962096843861451,5.1483700023321386e-23,2.6505713680913427e-45,13.603851334830267,1.2789589944522062,19.360151332745488,17.49876865706039,14.103486189862,3.9807806735180975,2.8465189662883685,2.9625805423666736e-14,8.776883470009613e-28,19.728722655956783,1.2994910216747315,50.00000000000001,16.07730013077267,14.33589168369622,18.807966417271153,7.056412049291503,4.530190106197047,3.083050288523735e-23,9.505199081566286e-46,11.412458155067515,1.2629989358712632,49.99999999999999,21.13699929807485,19.249055490899178,9.615798970791573,3.0130582531242665,2.4160295736047934,1.4942246567362367e-06,2.2327073247985243e-12,30.167408289097736,1.5688970618556108,50.0,12.044328725133362,9.932118181211107,14.860857167172288,5.592403057612955,3.5920354168650626,3.666396949742831e-11,1.3442466593083532e-21,18.77981649771913,1.3191380194952664,50.0,17.068249348747802,15.239179316959845,154.58435109816347,154.58435109816344,4.173439992700831e-14,0.0,0.0,2.0000000000000377,1.9999999999999947,309.168702196327,218.61528585366702,194.76407793291574,4235.944903581715,757.548888566098,337.83001016893627,-1.5522992862093076e+44,-2.4096330739659255e+88,10.925310457159439,1.0564589915220541,8471.889807163432,4353.881699465321,4245.548630541394,196910.51409811154,40840.75540956473,17555.434194863567,-1.0152608616457744e+84,10.189136254808888,1.069988662996701,393821.0281962231,203684.74052714772,197590.0010583908,43.715336057977716,12.258133761258064,5.559092722274358,-9.764041990156522e-22,-9.533651598553975e-43,7.889381452896339,1.1170176812970516,87.43067211595545,46.20232653385759,44.08173947162272,43.067096285464665,7.754998187027249,3.087634965349502,-1.1297953018996862e-11,-1.276437424194603e-22,10.391067424911995,1.0581376810705958,86.13419257092934,44.30132150649697,43.165910250935426,1.8303358054431333,0.8971028872607698,0.27256130729609707,0.6689884453676113,0.44754554003537345,2.4117932943911207,1.2624027953555836,3.0000000000000004,2.0565049032894938,1.901392561537386,2.6025741421780606,1.222513735014751,0.6008473169849161,0.3916474392972871,0.1533877167081222,3.544713628371599,1.298910141452979,5.0,2.9661469578984274,2.7018400061262997,3.663965293341323,1.1498843609944496,0.6675409021801665,0.2304556072364468,0.05310978690671944,4.423356707713145,1.1765937675971587,7.0,3.9743363876375475,3.7145773081528164,7.603027402058085,0.39003443489686696,0.29645480619014397,0.001049117467197033,1.1006474599779177e-06,2.058664832750151,1.0060516321373791,9.0,7.625998064461061,7.6036405343933495,7.517257647029282,0.9999999999999988,0.9816397879049995,0.0007379391472606125,5.4455418505972e-07,3.3433683589297565,1.0427883776238964,10.999999999999998,7.676398759668617,7.5296831071715005,0.0007253331287874868,0.0009689390128382016,0.34238161263882955,0.12338702814168655,0.0792419368772288,0.0,0.0,0.0
"('mtp_2', nan, 'Bio')",13.706487372408011,7.955795393292327,3.8906565818983427,4.8549791720186126e-27,2.3570822760734536e-53,14.31183283862247,1.6423214641265296,17.565287186286497,14.805373825043615,10.344877747751394,5.704246755000338,2.792639005174725,3.7089492465114756e-14,1.3756304513198043e-27,24.427687917156458,1.7101334228072023,50.0,13.528210744384818,11.09577858850247,15.121398538212611,9.18505947364465,5.174825047267048,2.3517926371821468e-23,5.5309286083041564e-46,12.894633872457483,1.5945921035262962,49.999999999999986,19.094872565024,16.403064135792338,6.7788833490137135,4.272616555295267,2.197306479353157,1.814848690331965e-07,3.293675768799649e-14,35.09627351398754,2.3064941954335048,50.0,10.295189469100011,7.6244828413979775,11.809092689017756,7.261942791070296,4.113327362859054,4.371782002258362e-12,1.9112477875270134e-23,21.189135031499372,1.6888141306160611,50.0,15.34643338072855,12.877966950055493,159.8313460808707,159.83134608087062,3.034135392543061e-14,0.0,0.0,2.0000000000000346,1.9999999999999964,319.66269216174146,226.03565731991512,201.37487736032134,4417.620223898332,608.0907415399538,462.32062583991615,-2.624274800542704e+45,-6.88681822876345e+90,11.23465826092336,1.0491781498662305,8835.240447796668,4524.941784880792,4424.146361484809,205794.27223845574,32443.083067122087,25179.633574195497,-1.706489557772516e+85,10.532594981354777,1.0596049933288152,411588.5444769115,211838.6895640399,206243.04919278834,46.56609337796254,11.138182440151047,7.953520606367366,-1.1940049766127015e-20,-1.4256478841758978e-40,7.776482593050727,1.1112727345039126,93.13218675592506,49.08854211622411,46.87717474062216,44.041403338390595,5.953383296045264,3.771771396312779,-1.1265226039877272e-13,-1.2690531772952896e-26,10.867500677675954,1.048135494778757,88.08280667678119,45.08892313859175,44.099074113396085,1.9456103776321079,0.7302979049629771,0.3240917174049144,0.6785969924527832,0.4604938781659627,2.375468359033032,1.1686401740552852,2.999999999999999,2.1032760667191397,1.9822129113840476,2.599766797893664,0.9116542985457592,0.7572824771101438,0.4828567358275784,0.23315062733406383,3.7310799150100813,1.248503423858161,5.000000000000001,2.904887125915929,2.662271179219507,3.4255841361691166,1.0491674955184938,0.7231079838318755,0.31088333926830874,0.09664845063461434,4.799621493838508,1.2109266319625016,7.0,3.769585117178292,3.4801576012155584,7.663924024018499,0.3733915731686439,0.24441588987607601,0.0011304858768613234,1.2779983177829151e-06,2.0250103192499243,1.005071679927653,9.0,7.683333929755897,7.664387401923006,7.184134817070354,0.9733000042943595,0.7258895282107952,0.002904082030392919,8.43369243925106e-06,3.815615714584255,1.0448027188810258,11.0,7.343305912577543,7.19505124830866,0.0013739126343097709,0.0018862884625922378,0.2741297474481602,0.1591159078658465,0.0778131316379669,0.0,0.0,0.0
"('Bioresponse_0', 'Tabular', 'Bio')",11.206465033611199,4.534025532773725,3.9017164865093177,2.287084269228093e-08,5.230754454550601e-16,23.980437676443813,1.5682839805108215,14.03398453248319,11.74179974439668,4.063933443005869,2.9305117292809957,2.2076833980109503,0.010004608117919013,0.00010009218359313103,41.9685883722499,4.351489120704492,50.0,8.477455870240776,5.335454732494684,9.717632476218807,5.19748754242977,3.6901767314624245,1.6145191891267274e-07,2.6066722120584252e-14,26.22735202255023,1.8031135658626425,49.99999999999999,13.048843133963429,10.517763443856422,3.1498819570527754,2.32273104480373,1.925494131986026,0.10970587023890271,0.01203537796487496,45.60407649488615,6.155523683957746,49.99999999999999,7.814960406684817,4.572540181938596,8.490022662244913,4.337730174721862,3.081646212563534,7.193854464067745e-05,5.175154205018742e-09,31.405173384065304,1.8816228398702,49.99999999999999,11.645955800998822,9.173692327762126,112.4626335927206,112.46263359272056,1.8131512005795972e-14,0.0,0.0,2.0000000000000253,1.9999999999999996,224.92526718544121,159.04618168702146,141.6940393900829,3938.8494942620027,335.9575453024845,235.39692248132593,-6.115674547483529e+46,-3.7401475170737863e+93,12.78985816222,1.0303012877283162,7877.698988524006,3998.080256536817,3940.6721193474023,143270.02633355718,18553.04197101948,12928.921217688398,-2.8719461073856633e+83,11.330652443193957,1.0469091798811445,286540.05266711424,146591.85640927005,143453.35005326956,43.09205974014528,6.349526687029504,4.046852497717218,-1.3190347176068712e-07,-1.7398525862522387e-14,10.593578949115093,1.0546402733407718,86.18411948029055,44.25368386583005,43.16607970612892,46.11094940143751,3.050995119942095,2.357890338603936,-0.02769946985942969,-0.0007672606304934539,12.935513290455926,1.0277209197259596,92.22189880287502,46.745699471391845,46.12640080671836,1.6766303058740735,0.9999981975682487,0.32337149655767783,0.7363242994442128,0.5421734739520109,2.5382723000631464,1.3929315109504088,3.0,1.9788013297198603,1.7912088401519843,2.131670495141651,1.0000023775271487,0.9999999999999999,0.605443161901313,0.36656142229305944,4.153300902089929,1.5303846917443675,5.0,2.6370622422339336,2.282611115983905,3.0975695023130183,1.0039127923700275,0.9890223867543935,0.3323743283894776,0.11047269417235629,5.078795939779086,1.3176462850544486,7.0,3.5556620843932962,3.1864113554631173,6.961066804755486,0.8347103006342306,0.4455641320994942,0.0024449345333001265,5.977704872123507e-06,2.509422555563626,1.0208105180412756,8.999999999999998,7.033125543403491,6.965804287430611,6.143823654212606,0.9999999999999998,0.997588884735995,0.009231539423725883,8.52213201318052e-05,4.815514236784094,1.0968281400084658,10.999999999999998,6.4343996744950065,6.171676105849831,0.11115012461750105,0.22863541099002993,0.22412930067222556,0.09068051065547514,0.07803432973018684,0.0,0.0,0.0
"('Bioresponse_1', 'Tabular', 'Bio')",11.824426625616256,3.7292216373280076,3.126259454335805,5.310961629105776e-09,2.8206313425833873e-17,23.687545993002153,1.4477144271098192,14.227268964641105,12.164673572637703,4.109145959345034,2.485545028071967,2.206887389203317,0.013301946869071817,0.0001769417905076095,42.149554642241235,4.206160334819493,49.99999999999999,8.42741691820657,5.271342831101513,9.341112490770445,3.9560141652235843,3.207703298081593,2.945371469968701e-07,8.675213096105589e-14,27.742179743843728,1.759212369527245,50.0,12.389612888583315,9.91295842075298,3.8979045224624627,2.0855628383708305,1.7596565464661982,0.04703495555903173,0.0022122870444400895,44.14457137225711,4.313603097699676,49.99999999999999,8.095641877063168,4.951443551507083,8.76184554316188,3.4945118546347107,2.801543828652282,1.8299109944195267e-05,3.3485742474974615e-10,30.93577652666544,1.770157313207694,50.000000000000014,11.657395334526235,9.260779829141747,102.43322245787431,102.43322245787431,2.2846997390974954e-14,0.0,0.0,2.0000000000000346,2.0000000000000004,204.8664449157487,144.86245243750616,129.05777318324007,3918.7486602474205,307.75443590744607,221.5105322531956,-5.673424556392177e+46,-3.218774619707378e+93,12.85278211293325,1.0292331920652105,7837.497320494843,3975.6148251784734,3920.3425212138777,131584.65756610714,22802.498057041183,10424.695610987177,-1.6177224888513284e+81,10.710204058360167,1.0574955892593478,263169.31513221434,135314.56225426574,131871.84386000189,42.71959608365658,5.608603104092889,3.7238542437272377,-5.2714037644393675e-08,-2.7787697647745534e-15,10.73383497551534,1.04993587838954,85.43919216731318,43.77322314388876,42.777002824170616,46.027711269719475,3.422804976097208,2.4925024921316945,-0.011881553902841598,-0.00014117132314613043,12.738652530346059,1.0292802424562122,92.05542253943895,46.69670082970292,46.045554529505175,1.632537420129104,0.9999999994855541,0.36746258038534185,0.7745298010197251,0.5998964126676549,2.597416178660575,1.4258734555924053,3.0,1.9494120075233847,1.7544779497010665,2.3290742999569933,1.0000127764721056,1.0,0.48519002418055257,0.2354093595643252,3.877586231843057,1.4144101320500253,5.000000000000001,2.7699442140519728,2.4514840618812075,3.095244369590003,1.1113642387369644,0.9999761147666443,0.2625976408682329,0.06895752098956141,4.926584998166016,1.3434008995046602,6.999999999999999,3.587548323572115,3.19937706283976,6.711699124405569,0.8546964728399865,0.5077054924222871,0.0034615542897043503,1.198235810057059e-05,2.7272161786695315,1.0263899859689936,8.999999999999995,6.79968325225863,6.7176748083354685,5.724315369580594,1.0000000000000013,0.9999994531863398,0.012790865115780096,0.00016360623041008015,5.217732745765086,1.1308906024934606,11.000000000000004,6.087428172988059,5.763879921503882,2.5036158062764904,0.02069470214939328,0.23648853251232274,0.07458443274655939,0.06252518908671552,0.0,0.0,0.0
"('Bioresponse_2', 'Tabular', 'Bio')",9.514227089330353,3.560243291380477,3.1397947038276235,4.808009253427658e-07,2.3116952981045986e-13,27.758468069898143,1.7131965943059333,12.453089641655986,10.025850887756175,2.8425825387124903,1.9722196694151006,1.7860706848657963,0.08023837706874203,0.006438197154625627,45.59306140651388,7.42902192000655,49.99999999999999,7.747808963209757,4.432336939826829,7.524257572645201,3.482071940441928,3.09710233223751,1.6240315000545637e-05,2.6374783131694763e-10,31.877083743372115,2.1418987104381446,50.00000000000001,11.011921801972075,8.275377705553517,2.36166960723811,1.8340783686650635,1.6035306895161736,0.19221131960474877,0.03694519138419888,47.064617244160836,10.098625134575617,50.0,7.504992563747591,4.155419471092171,6.679085374648764,3.037592123036963,2.863471146936467,0.00037342498020534015,1.3944621584135868e-07,35.31857347350342,2.3303867195949186,50.0,10.196027382799633,7.430898486832866,63.99051585470497,63.99051585470497,1.076579408220166e-14,0.0,0.0,2.0000000000000275,1.9999999999999971,127.98103170940998,90.49625538497433,80.62299791897439,4063.2622453243603,335.28684357196767,204.46181385828538,-2.2531444031391725e+47,-5.0766597013973786e+94,12.953560154617568,1.0287284125250842,8126.524490648722,4121.214510316427,4064.9009864312266,138642.95136962642,17616.412550104968,11528.430644609063,-1.414197771263826e+83,11.498392343805778,1.0441344572662867,277285.90273925284,141669.38510044155,138800.2050827189,45.598381080177646,6.612299179452675,3.3793966212844797,-3.670225622837266e-06,-1.3470556122531197e-11,10.95773102524682,1.049939762014025,91.1967621603553,46.72309629535426,45.665755450407346,46.933683704433136,2.5275148019667446,2.325277793657251,-0.13442829257417144,-0.01807096584440704,13.221214151890921,1.0254813431757477,93.86736740886627,47.52788887955485,46.94605042909716,1.5994281568424704,0.9999999999921934,0.4005718431653361,0.8004285632034397,0.6406858847919229,2.6389467029308196,1.4536280258778633,3.0,1.9283745047116143,1.7275650075427544,2.4149471083296783,1.0000000293702243,0.9996689899687808,0.410696247210491,0.1686714074727807,3.7297899215121277,1.3776214257610757,5.0,2.8344745875065875,2.528255591921028,3.4912890721063254,1.0367076431890176,0.8592592650706408,0.26005557698970017,0.06762890312344588,4.63859882412122,1.2067634886901197,7.0,3.8352783598904665,3.5472436581592124,7.132566908676662,0.7813276608897424,0.356579744614197,0.0017437626069162384,3.040708029279316e-06,2.369075378189794,1.0167787818145357,8.999999999999998,7.192155882837725,7.13613929218864,5.7479019357851495,0.9999999999999998,0.9999834147043792,0.019307072587836496,0.0003727630519119874,5.3242630965834605,1.1226408603219773,10.999999999999998,6.090175005781355,5.7840727659341935,0.019937623089745584,0.03740982844668465,0.19028454178660642,0.0712048658276093,0.06279589407655224,0.0,0.0,0.0
"('topo_2_1_0', 'Tabular', 'Bio')",22.837623715132576,6.370044702389296,3.2244431080644267,2.968968266221366e-32,8.814772565829503e-64,8.757873832547812,1.1419675356424026,24.404942676159802,23.048425771084087,21.599639990238835,5.734682306779536,2.5194050912721306,3.349778762881103e-26,1.1221017760249254e-51,10.26431286851909,1.1403037184987688,50.0,23.06517653447081,21.775209171816666,27.284428817541315,6.471920560057422,3.493657885718362,8.895807700179356e-36,7.913539463857031e-71,6.113231431275596,1.0935831542943757,49.99999999999999,28.532562179265156,27.43557810147471,14.788275623535235,4.570886664699545,2.2732866455485032,6.27653399602616e-10,3.939487900327211e-19,20.312157486613348,1.2622777167926318,50.000000000000014,16.614795267870093,15.017247471878104,21.859002059916488,5.489747538164982,2.963162279551948,1.9184899880354395e-15,3.6806038341922205e-30,11.413779395514508,1.1231953750604822,50.0,23.16636978077266,22.011630136299743,131.28202853852656,131.28202853852653,3.6063290155990707e-14,0.0,0.0,2.0000000000000413,2.000000000000002,262.56405707705323,185.66082525503595,165.40499122858904,5586.023143925765,1276.4987324253593,585.5004575967745,-8.721078066383372e+43,-7.605720263995315e+87,9.599774594330773,1.0811891240209377,11172.04628785153,5808.360521250027,5611.483040994021,346371.8844679769,92249.9062930345,38807.51038796262,-3.7219519794947305e+86,8.580001838960959,1.1054072337581409,692743.7689359537,364169.6792001376,348835.854229038,40.07015004460774,14.846230813947761,6.181727325925915,-2.89478064977372e-31,-8.37975501030436e-62,6.500501903575165,1.1787872711937162,80.1403000892155,43.504951363363105,40.797436204428465,39.22765198617836,8.501553263226343,4.751700623348956,-5.398468702219491e-21,-2.9143464328843393e-41,8.726107163266134,1.0843092821541187,78.45530397235672,40.84782167461866,39.39575343319315,1.592546898906755,0.977569925173318,0.42988317591992625,0.8180790212100041,0.6692532849439183,2.6643423120474488,1.449664842709494,2.9999999999999996,1.9174587684641073,1.7159600100451653,2.1251335730837666,1.0219823504737664,0.8575874934723513,0.5791849901123288,0.33545525277141847,4.142586989620183,1.5337037300096161,5.0,2.6318247652000055,2.273019303189177,2.4340402800868293,1.0702862898565975,0.9987370572346769,0.5706186764916676,0.32560567396110246,5.918077382666369,1.648759551254552,7.0,3.1254058675937193,2.6152025834948347,7.200055457064799,0.6483044611727236,0.3937914607915469,0.0016608095144679583,2.7582882433472955e-06,2.3414619620866737,1.0135551754701186,9.0,7.248690206246694,7.202363199084743,7.258481904854099,1.0104887046863722,0.9999999999962766,0.0009063173977874287,8.214112255321761e-07,3.579793095984296,1.0502893817887191,10.999999999999998,7.438755526478547,7.2730519100815245,4.391881635359453e-05,5.1666570525452446e-05,0.4567524743026528,0.12740089404778618,0.06448886216128862,0.0,0.0,0.0
"('topo_2_1_1', 'Tabular', 'Bio')",24.458516222132754,4.467748500106491,3.5585728465609083,1.1015983316439716e-35,1.2135188842807816e-70,8.722409929473855,1.0857703201909192,25.485848079214332,24.546735106776524,24.07696214200145,3.2825941037631092,2.9063346090026503,1.5752160682576186e-31,2.4813056616969906e-62,9.706974927656658,1.0705624258311388,49.99999999999999,24.911947971212715,24.128897987105624,27.428210522384305,4.758316659842331,3.5279683288939325,3.741233539166947e-40,1.3996828394587637e-79,6.759558453490092,1.0658110983939464,50.0,28.316370968974837,27.503264222630015,18.47464933819521,2.708657864765207,2.2507373305129117,6.754113987829186e-11,4.561805576058986e-21,17.479101688187587,1.1095646790531524,50.00000000000001,19.460433733964376,18.533117473439404,23.245821008838615,3.847469947134487,3.0691406671285177,7.238405835114608e-16,5.2394519033821205e-31,11.231620278108409,1.0769952638590468,49.99999999999999,24.124137001805906,23.310872087383963,133.76489859873493,133.76489859873487,2.9973748104168115e-14,-0.0,-0.0,2.000000000000038,2.0000000000000004,267.5297971974699,189.17213376779273,168.53321148159927,5682.6540555897855,1617.1203859324696,385.76947154885823,-4.778416265889572e+43,-2.2833262010118042e+87,9.297522683952637,1.1015660842404107,11365.308111179571,5964.259022866402,5727.5654676908425,333997.56310625706,112124.75410729837,38015.243521917284,-3.3527837343431405e+85,7.960427806660031,1.1420755264212925,667995.1262125141,356936.2944704242,338406.46269555815,42.06929133597284,18.45204869210953,4.12769145229855,-1.0857881947119453e-33,-1.1789360037758253e-66,6.352856053972235,1.2166022655212028,84.13858267194571,46.40229991422962,43.242162720120675,38.710511709939205,10.503910000457129,3.6035035166197424,-2.293844749375733e-24,-5.261723734238619e-48,8.438517084225477,1.1028300927932175,77.42102341987844,40.65212163097425,38.98800448989113,1.4707999192025614,0.9999362308676878,0.5292638499297513,0.8822650322844418,0.7783915871918671,2.7780153833502323,1.5916982628878142,3.0000000000000004,1.8555983107802727,1.6298783793913099,2.2326637212984144,1.1248717404610422,0.999979899199735,0.38332991340680966,0.1469418225124722,3.818827473149659,1.5137758551427098,4.999999999999999,2.746971176816472,2.3930975804117134,3.2910609246011275,1.211479085569934,0.913061775752115,0.2716333363162215,0.0737846693982815,4.772521609089466,1.2764750162652505,6.999999999999999,3.7182799227822567,3.3771682434395727,6.610969817577978,0.8370189682778133,0.5030012735849119,0.004381792449073546,1.9200105066757946e-05,2.834511647059015,1.0280481228005476,9.000000000000002,6.703041320637812,6.617079370868865,5.696322896840815,1.0,0.9999999999999998,0.00548128450368121,3.004447981029577e-05,5.142371190719035,1.1367958782822343,11.0,6.073455370458497,5.738310933117614,1.4265371847088557,4.112126338309215,0.4891703244426617,0.08935497000213086,0.07117145693121907,0.0,0.0,0.0
"('topo_2_1_2', 'Tabular', 'Bio')",23.870004976957542,6.780397695575748,5.231863671336935,1.3020188355336802e-33,1.6952530480844806e-66,7.451297405453027,1.1585326305727819,25.692516538165965,24.150230963998375,21.419801737322825,4.98943407506709,3.8945064279864954,7.667862037671048e-27,5.879610822875681e-53,10.389453244447113,1.1437114047724568,49.999999999999986,22.907287819058542,21.58751566427109,25.9310529233801,7.041952467801447,4.6399608133403065,2.1191671895385362e-36,4.490869577216658e-72,6.4001653097643265,1.1268481111759294,49.99999999999999,27.52661711749113,26.163068410034246,15.740757644063113,3.543648333376922,2.994157187032874,7.21862626477872e-10,5.2108565150553185e-19,19.929123357482037,1.2013273247116776,49.99999999999999,17.25266978241326,15.888463152417701,21.27504533034842,5.601661335777845,3.9042292268361254,2.9137371553719448e-15,8.489864210594994e-30,11.660343777982145,1.1437606194334173,49.99999999999999,22.752968406704767,21.46689591714104,131.51094123691385,131.5109412369138,2.7864548567314156e-14,0.0,0.0,2.0000000000000377,1.9999999999999958,263.02188247382776,185.98455669769467,165.6934031558754,5626.159808300378,1331.7018972425972,560.3085723376629,-5.917058166520535e+43,-3.501157734598736e+87,9.425244660031419,1.0862395122585948,11252.319616600756,5863.74211674987,5654.603038281552,369275.0594625899,94634.1254647067,40469.00397999975,-9.330115346051548e+87,8.846883487399216,1.099766231382424,738550.1189251798,387257.7937952776,371651.85899283376,41.08944375976631,16.10927162585762,6.707657458585811,-5.254102518358962e-32,-2.760559327342598e-63,6.022376579311134,1.2023266302093054,82.17888751953261,45.05484451853215,41.97943860305953,37.92259729474196,9.471926664014601,4.6799001800839495,-3.1487955429974744e-22,-9.914913371600758e-44,8.11360895903589,1.1036953224108654,75.84519458948392,39.840306897831596,38.16238840405132,1.5097295244748214,0.998575006971232,0.4916954685539467,0.8609700081244782,0.741269354889864,2.7404895310981625,1.5435552976453117,3.0,1.8756864651148528,1.6577482878283747,2.217976642781896,1.0120758244460877,0.998604798064218,0.5694275023444494,0.3242476804262379,4.050217179801282,1.4730602246578413,5.000000000000001,2.6919514300642042,2.3554184189260785,3.257839595953048,1.1026450874585314,0.8944598339975827,0.31748623795658926,0.10079751129182803,4.9187235803792015,1.2667643132309063,7.0,3.6667188186984374,3.333353418174227,7.38690588878254,0.676967997731175,0.3109312285949602,0.0010360639216871503,1.0734284498217574e-06,2.172090520956297,1.0116152318589375,8.999999999999998,7.429682345092872,7.389054103201292,8.02709994184725,1.0001089961385268,0.6889955232856273,0.00025210580933887253,6.355733910240794e-08,2.937624293845357,1.028027439773234,10.999999999999998,8.138812129373825,8.034492619682357,0.00024592591666546904,0.00033136882339661843,0.47740009953914864,0.13560795391151434,0.10463727342673823,0.0,0.0,0.0
"('Bioresponse_0', 'Tabular', 'Bio')",13.630677511740005,4.782860659731642,3.7413370326233806,1.098223611775157e-10,1.2060951014604708e-20,19.9171104703943,1.3802315299157097,16.013763673737614,14.012873654355436,3.9675147616802886,2.9686574823786573,2.641788082625864,0.008430081260835668,7.106627006429269e-05,41.113203801159656,4.725978054332542,49.999999999999986,8.625105214601216,5.43345567032775,9.753904208448974,4.842665112990841,3.490260739048681,5.570039825423908e-08,3.10253436568084e-15,25.42842762083916,1.8078897236479188,50.0,13.114884017373964,10.512637798396481,3.335965668716587,2.4785748533570136,2.2048975423841513,0.05513138110875351,0.003039469182958624,44.20862265244726,5.831865249665969,49.99999999999999,8.056108615153263,4.819905607258921,8.752957161223316,4.256478765110331,3.0962285168058026,1.2116673819442494e-05,1.4681378444676316e-10,29.653961789483507,1.8738738116016262,49.99999999999999,11.981880222211972,9.441019634079359,100.16274992867768,100.16274992867767,2.2448697310353288e-14,0.0,0.0,2.000000000000025,1.9999999999999896,200.3254998573554,141.65151939372075,126.19715705049718,3670.791754419308,313.7655007397472,276.0461267799928,-3.590806285639601e+45,-1.2893889780988868e+91,12.501298723226087,1.032835994978259,7341.5835088386175,3730.57203164655,3672.822498794028,126663.01822208702,17216.75065905218,11489.573102036326,-5.921862522709499e+81,11.22242244226247,1.048139947865656,253326.036444174,129675.9592616242,126836.70424919462,41.26769618678891,6.4737207755678305,4.6675657983000916,-7.639862567412876e-10,-5.8367500048956455e-19,10.01610808833094,1.0623449809086938,82.5353923735778,42.534664325835244,41.35794288695075,44.95388819858314,3.787627214856526,3.0909682833529204,-0.0012542158361394562,-1.5730573636229951e-06,12.33732442043431,1.0328764250985745,89.9077763971663,45.6868739978314,44.97736586229831,1.672985623421161,0.999998435988578,0.32701594059026123,0.7396567525395854,0.5470921115774056,2.543331462088461,1.3954924623241138,3.0,1.9763140422396503,1.7881373950104251,2.3764029453389646,1.0013976540530485,0.9999999999999999,0.44247623004490044,0.19578521415474764,3.794244029363954,1.3940623784795423,5.0,2.805828908849188,2.4939449122570365,2.893886639775689,1.0313372846612197,0.9999920305438263,0.35440338254031356,0.12560175755601583,5.2604332112830745,1.4058736232441622,7.0,3.4312681277462302,3.0115640074411836,6.792682590890711,0.8526973534664931,0.4865239911921145,0.002830199327922076,8.01002823577057e-06,2.6448558113604377,1.0248290774650075,8.999999999999996,6.876493564498698,6.7983398783073365,5.5399111783595,1.0000000000000002,0.9999999368198639,0.01602486532724946,0.00025679630875648197,5.425221933484668,1.148006305613167,11.000000000000002,5.9357409423889695,5.585597246791624,0.012141250421518287,0.02121449545846504,0.27261355023480005,0.09565721319463279,0.07482674065246746,0.0,0.0,0.0
"('Bioresponse_1', 'Tabular', 'Bio')",10.21203959061235,4.4604936738145025,2.7543650366201127,2.6743720402395917e-08,7.152265809615276e-16,25.225269753632954,1.6782757619318245,13.229521945398941,10.782847795959285,3.910049039031879,2.5090915324373766,2.151993942427768,0.0014984261872428802,2.245281038615235e-06,41.864050548896856,4.620768269849258,50.0,8.405030600406764,5.197473501251068,9.089259167387684,4.487081632850497,2.9472252461377133,4.196599271993127e-08,1.7611445449693242e-15,27.37266931606743,1.8645575007905277,50.0,12.411274397330258,9.806908312788359,3.164768864046183,2.089190053788125,2.0382992242759377,0.030160922928423258,0.0009096812718942879,44.58073640001008,6.251069609279164,49.99999999999999,7.91259914438104,4.631304455638344,7.98385714398779,3.7007739746145045,2.734205789423245,1.68646836369666e-05,2.844175541749689e-10,31.709506579914038,1.9858096070483862,50.0,11.250752246846838,8.650113922356514,106.82070338253337,106.82070338253337,2.4348625908031036e-14,0.0,0.0,2.0000000000000324,2.0000000000000004,213.64140676506682,151.06728746581223,134.58565275623025,3855.038891893097,339.63638227010813,228.28763943138924,-3.238719147815315e+46,-1.048930171842556e+93,12.765546943733764,1.0305116493386737,7710.077783786194,3913.4087942334913,3856.8637773650375,128153.35586050728,16702.342506005683,11356.058479657351,-9.197913666682403e+81,11.336151953278273,1.0460817416758788,256306.7117210145,131072.8655572797,128312.12216434584,44.986284234149934,6.784784802634929,4.242609979523983,-3.23481652460035e-07,-1.0464037947827489e-13,10.562776728749439,1.0548485728539472,89.97256846829988,46.20353269423003,45.06486933471073,46.545291940082514,3.1389785990548353,2.342286556785183,-0.028055234232051893,-0.0007870961678152964,12.901593782049707,1.027852117619097,93.09058388016501,47.189032810105935,46.56097717074285,1.737909243570151,0.9998401299334997,0.2622506264963496,0.6750517937858586,0.45569492429350533,2.4485554649323276,1.3537547861985384,3.0000000000000004,2.0220742358800132,1.8436464532519257,2.3009152318420685,1.0002004912578275,0.9999999999999999,0.5004845829733289,0.25048481779398696,3.9163099955566865,1.4289888887860314,5.0,2.7505215063477295,2.4269696503679947,3.039960885912037,1.111919694638712,0.9995618958499198,0.3366237413971032,0.11331554327218381,5.10511368774617,1.34861027884817,6.999999999999999,3.530296876627681,3.1433217702510214,7.431805153720937,0.5693942414173466,0.3504082537249492,0.00134427083564961,1.8070640795781003e-06,2.170010917299391,1.0094607369233903,8.999999999999998,7.466877572976457,7.433234673732072,6.321779847975684,1.0,0.9999999999960051,0.013624754312986207,0.00018563393008923628,4.764728002403589,1.0803125367844937,11.000000000000004,6.570736867616239,6.343763229081685,0.09345521235490492,0.170528977358301,0.204240791812246,0.08920987347628966,0.055087300732401916,0.0,0.0,0.0
"('Bioresponse_2', 'Tabular', 'Bio')",8.834227812481478,4.441973380367069,2.9845501298085297,2.4940888220988855e-07,6.220479052518606e-14,28.20871235492862,1.8834593083403803,12.124021988239647,9.533331457283447,3.1353249850971965,2.320544849440854,2.2455636627638498,0.044053273210087174,0.0019406908805225844,44.34401565863585,6.467696206340779,50.0,7.973653690388781,4.693316530153371,7.470763503474315,4.4028859695359825,2.9291636071583267,5.601177913548906e-06,3.137319401922808e-11,30.966020125782393,2.2493682023249644,49.99999999999999,11.204571807744031,8.405015198733516,2.5792708498903645,2.1163066542072295,1.897647422894228,0.1330359437545575,0.017698562330665784,46.24360354303383,8.794851294932245,50.000000000000014,7.649115174897106,4.323388612761855,6.6505790231753625,3.7526214979332475,2.6843365930614302,0.0002048691764734562,4.1971379468912137e-08,34.55133864015176,2.420911285393036,50.000000000000014,10.34782071683146,7.5345746495692705,76.0124894688742,76.01248946887418,1.6004950582835188e-14,-0.0,-0.0,2.0000000000000355,1.999999999999994,152.02497893774841,107.49789351662395,95.76973553674694,3856.798162375115,258.07462748288754,229.61492167881053,-6.483344466506994e+46,-4.203375547138686e+93,13.026217089590178,1.0275775284802693,7713.5963247502295,3909.616966516268,3858.1205714110306,125335.71740198742,18545.40572138753,10736.149730076864,-6.135127009913106e+81,11.207582567518784,1.0495724685158967,250671.43480397484,128404.74309557301,125528.58136824779,44.82158886174041,4.8982109930998305,4.223744930443759,-1.69280247095303e-06,-2.8655802056646836e-12,11.180888220579849,1.0443634564805047,89.64317772348082,45.80502041749716,44.86761893422788,47.09619882796004,2.601440130755463,2.457543309515907,-0.07483538443216563,-0.005600334763110018,13.100094463712919,1.0261874108062723,94.19239765592006,47.70887738661479,47.10946829817432,1.7730194502714767,0.9956315303945751,0.23134901933394808,0.639057450193491,0.4083944246478063,2.3976530110344987,1.3323594564850312,2.9999999999999996,2.0465586930512383,1.8732155540575308,2.382194132584141,1.0006004274805071,0.9994134544072123,0.45403331899322286,0.20614625475600168,3.800690440937497,1.3891954132115185,5.0,2.8077524894749346,2.4983479289453583,3.0269140876454466,1.006886389404877,0.9768692631456601,0.35716739089327754,0.1275685451175113,5.170809163535602,1.342197817382561,7.000000000000002,3.50677868989643,3.1232382277946735,6.590248269479531,0.7591472971683719,0.5451415218022181,0.0060328619385532425,3.6395423169644386e-05,2.8996770031996486,1.0262938998645894,9.000000000000004,6.6763277635531075,6.595433686176891,4.818152428759829,0.9999999999999999,0.9999999999999944,0.042551129767719124,0.0018105986445092724,6.445897669149473,1.2207272133237541,11.0,5.323409171749017,4.883834593535174,0.005939950053875462,0.008679902484520122,0.1766845562496296,0.08883946760734143,0.059691002596170606,0.0,0.0,0.0
"('Microsoft_0', 'Tabular', 'Commercial')",10.666590568556702,6.34750772358454,4.0238637985301775,1.7188743786086867e-17,2.9545291294373993e-34,18.129188630699243,1.9508630965662621,14.898379133473973,11.849120408875267,8.481772132202456,5.139292466229984,4.929439779613453,4.894926435644532e-15,2.3960304810371683e-29,20.255841407306267,2.6011679423031904,49.99999999999999,13.679518062109215,10.235316181634092,13.816862304469764,10.393361472043617,5.285069622241798,1.8365510447537684e-25,3.372919739986158e-50,11.10158579153062,1.928986982822502,50.00000000000001,19.189960376936526,15.924775121943826,5.969269353821863,4.4175437715813075,4.076753496586014,3.589264565714738e-07,1.2882820122695408e-13,29.192911173048625,3.517188603785876,49.99999999999999,11.194868714308013,7.890589219684193,11.401320356856257,8.374965456617897,4.87305921308686,3.427085678309854e-13,1.1744916246476514e-25,16.867445424170764,2.0401253414317595,50.00000000000001,16.284842926491546,13.200250694770991,154.4648342671176,154.46483426711757,4.0085417243257145e-14,-0.0,-0.0,2.000000000000039,2.0000000000000013,308.92966853423525,218.44626353027007,194.6134961616643,6438.763075793561,702.0567153523434,464.25215288881947,-1.2395200181830985e+49,-1.536409875476629e+98,11.375258708981473,1.042464453869529,12877.526151587123,6574.051053891453,6444.716966407832,395422.05777041876,60966.200755251935,45921.13886614828,-1.9467161768151598e+90,9.736678980372202,1.0668640905070275,790844.1155408376,408427.93685730617,396361.0516097065,43.586736979591954,7.970679584840552,4.353433883075539,-1.1857391299891038e-16,-1.4059772843873168e-32,8.870297590847212,1.075782982579042,87.1734739591839,45.208145579329724,43.71932579340921,45.63552214642277,4.779701595418189,3.8727351051945673,-3.5955020243971645e-09,-1.2927634807444109e-17,10.668715275806402,1.046705708295151,91.27104429284553,46.68908042408619,45.683081438667564,2.080512516510192,0.677162688471309,0.24232479501849902,0.5842928928719158,0.34139818466063204,2.210090947973617,1.1195025411249393,3.0,2.2013184559018306,2.1052256706358765,2.7733301035989713,1.0395687144842833,0.4954126550004516,0.40705436548817264,0.16569325646297883,3.490218194420263,1.2044575356899487,5.0,3.043668238709642,2.8300313867552993,3.9762493384883246,0.8793924862487221,0.6456080974549995,0.2037229452597538,0.04150303842530864,4.157259948073914,1.1119920424048917,7.000000000000002,4.192996014022466,4.000989177525386,7.197383515662598,0.8767485994107274,0.25066368548155804,0.0014653535747005536,2.147261098887691e-06,2.2914881643403953,1.0177110054549539,9.0,7.260840227644546,7.201896637292068,6.643447957579062,1.0000000000000002,0.8577617999245191,0.009520849222550264,9.064656991853599e-05,4.406018957273098,1.0651208725782524,11.0,6.85635009130026,6.660671987368866,6.619813896419817e-05,7.662960248352967e-05,0.2133318113711334,0.12695015447169042,0.08047727597060336,0.0,0.0,0.0
"('Microsoft_1', 'Tabular', 'Commercial')",10.096996636619268,8.755040630536296,5.395364608309049,2.776764746979933e-23,7.71042246007053e-46,15.210600684453906,2.5297706450589925,16.059528335136104,12.608098294540728,9.051493303372716,7.833100250627603,6.287548335114148,2.256759022783981e-21,5.092961286916909e-42,16.55571078954313,2.8567305529900033,50.0,15.298712183051101,11.73624470418378,14.042950398385406,10.450493677387337,7.064928301759709,3.1794695559780914e-31,1.0109026657391522e-61,10.126433447698053,1.973438372901338,49.999999999999986,19.727413428106612,16.31560345593155,7.674596001074706,6.014622315038203,4.720879060018517,9.286899735291952e-10,8.624650669336573e-19,24.717151267712875,2.748149430765346,50.000000000000014,12.722594779863988,9.543304132841746,11.806779620538173,8.593307201581666,6.576225263012224,9.073658390288357e-16,8.233127658365029e-31,15.096801364177004,2.0838622907474527,49.99999999999999,17.043781772851236,13.822193075206531,157.00847667329757,157.0084766732975,3.998182140019415e-14,0.0,0.0,2.000000000000039,2.000000000000001,314.0169533465952,222.04351711891712,197.81828477261567,6381.344305418092,842.437306862617,601.0000949868395,-2.5873980240810855e+47,-6.694628535018706e+94,10.709358623456497,1.0522185921581162,12762.688610836185,6545.83664816163,6390.835504927199,400180.04597749835,70101.36514630889,50669.87663766218,-6.694133938081203e+88,9.223544511845734,1.076712012312504,800360.091954997,415245.7621778774,401433.71975703014,43.20755222570855,8.835486628703233,5.446700302604467,-3.440809691357572e-22,-1.183917133214019e-43,8.045604406220908,1.0941744727784002,86.4151044514171,45.19630729150988,43.40106033746729,44.92449833290483,6.202374524536959,5.181405545181756,-6.514332560423178e-13,-4.24365287077896e-25,9.801631619585168,1.0606980064960965,89.8489966658097,46.26782799706154,45.00976935952085,1.8075418096277487,0.820739013700917,0.37171917667133436,0.7425987230514449,0.5514528634776366,2.5058022763587235,1.248465302973415,3.0,2.0196522147311216,1.8671965005354172,2.2526556479008573,0.9999999999999999,0.8794415865822292,0.596290165303845,0.3555619612380868,4.0835141571885725,1.4271815965175778,5.0,2.6911284455909574,2.36914330326531,3.3382842530208596,0.9999987378057479,0.8704324195962008,0.3125585940654911,0.09769287472419642,4.869022767256815,1.2357513030277485,7.000000000000001,3.7109820389744157,3.40022622315793,7.523213663850562,0.481886043602336,0.32821693668064006,0.0011749116870568568,1.3804174723827894e-06,2.110716176967484,1.0075231474731865,9.0,7.551459761436372,7.524153715010255,6.968085915579803,1.0000000000000004,0.9989331629661395,0.0042184456848754414,1.779528399624423e-05,3.997339265987632,1.0557119070487961,11.0,7.159557918774914,6.983729804925824,1.2151284927834818,3.204788348572602,0.20193993273238303,0.1751008126107239,0.10790729216617963,0.0,0.0,0.0
"('Microsoft_2', 'Tabular', 'Commercial')",10.873465763745443,5.602902908969627,5.038012223355564,4.519496113567134e-18,2.0425845120548425e-35,18.373031617839114,1.8846400923974929,14.927332417582548,11.949031466222351,9.543953715480438,6.607509843027986,4.171417109270587,7.820578238047086e-17,6.116144397741567e-33,19.955821636317484,2.193085234280378,50.00000000000001,14.133706871264284,11.019452349503911,14.304330997096068,8.07486582577216,5.965613520181583,2.6705915579080195e-26,7.132059269169583e-52,12.046034404131893,1.6916486901573675,50.0,18.60469862729817,15.579944082737713,7.919422861183564,4.752860574226106,3.32985391479969,4.879722269350552e-08,2.3811689425995702e-15,27.808565893568687,2.2551820437314674,50.00000000000001,11.892806022888815,8.983954011350301,12.110742984766528,6.810611896562469,5.169110824643372,1.1503730238922208e-13,1.3233580940989318e-26,17.315977706192207,1.774133624722223,49.99999999999999,16.131098797713612,13.26286962471789,152.53057239416702,152.530572394167,3.209250272149011e-14,-0.0,-0.0,2.000000000000037,2.0000000000000013,305.0611447883341,215.7108041563622,192.1764789119248,6358.074570469565,723.6202991601428,551.0192671625982,-6.720314368793218e+48,-4.5162625215408586e+97,11.330100043735454,1.0438608650114758,12716.149140939127,6496.013595648045,6364.6325116566695,392735.486026451,66536.6314278868,47746.22819460531,-1.8328513190640652e+90,9.72701603229688,1.0690426082868412,785470.972052902,406066.95767204586,393795.7009700207,42.58874504173331,6.439952376339096,5.341434645272118,-2.4758522200445585e-17,-6.1298442154995695e-34,9.051358363423523,1.0710349690248464,85.17749008346662,44.075441195630276,42.69599408028102,45.66586571719211,6.250078986663955,3.8028820266302903,-4.4998004369254527e-10,-2.0248203972154494e-19,10.510603932797249,1.0513309660287753,91.33173143438422,46.82323584111093,45.73147775408668,2.005299644953669,0.6670552584048371,0.3276450966414942,0.6620219375148755,0.43827304575094966,2.328936899760623,1.1373496380548742,3.0000000000000004,2.138583805505426,2.032450005776614,2.523974753977051,1.0,0.8605414272944671,0.44969451746764366,0.20222515904045685,3.713435103982141,1.3034542308020562,5.0,2.8815947192417593,2.6098908854611684,3.61256890693023,0.9999975112836418,0.8324548713817047,0.24054529161726396,0.057862037319234554,4.503823848701691,1.180354644474125,7.0,3.924843970019622,3.66002669187325,7.214971759914194,0.8886439586580959,0.27509161102727986,0.0011359253741807527,1.2903264557076828e-06,2.2585611668561243,1.0180841740549564,9.000000000000002,7.279917853968999,7.219664364374061,7.25415682904564,1.0,0.7761007252212904,0.0036814159835092232,1.355282364363718e-05,3.7657614994340354,1.0433958128021052,11.0,7.409885296061296,7.265321676350696,4.478934594324913e-05,5.3867644145149144e-05,0.21746931527490962,0.11205805817939284,0.1007602444671116,0.0,0.0,0.0
"('Microsoft_3', 'Tabular', 'Commercial')",9.969234438202227,6.627687516992233,4.155685614759151,1.2108313905589729e-17,1.466112656362976e-34,18.657979051300888,2.1268321263566126,14.538795067681034,11.381709742267507,8.571484897107213,5.157527356100774,4.8929830148012545,4.6750896769413205e-15,2.1856463487443303e-29,20.183062008076444,2.566181147139747,50.0,13.730922606228432,10.299320336645389,13.83169053818662,10.351559449305125,5.3817403774771995,1.8584061466655367e-25,3.453673405964248e-50,11.076769279482123,1.9282922035594192,49.999999999999986,19.20709508644361,15.932277176331194,6.000286311992237,4.43050648162998,4.09580102681315,3.846767628337112e-07,1.479762118642233e-13,29.203875063422938,3.487297270390658,50.00000000000001,11.205118628567993,7.908894083482558,11.382920783677566,8.338642761588984,4.9643297625167815,3.706383560787095e-13,1.3737279099672824e-25,16.878146060256256,2.045555277090153,50.0,16.280184542252616,13.187123271103312,155.95128869608786,155.95128869608783,3.0451134623702686e-14,-0.0,-0.0,2.0000000000000395,1.9999999999999971,311.9025773921758,220.54842754356937,196.48631138643339,6445.518388951122,726.7447042817457,470.13249868543994,-1.9372136925688043e+49,-3.752796890676062e+98,11.451938835250951,1.0420477175853033,12891.036777902247,6579.632772588349,6451.520364685584,387987.98340507085,63742.16156456679,45268.911061954495,-7.802198088284478e+90,9.870018105352196,1.0670642031329505,775975.9668101417,400786.9300605677,388966.5929471885,43.55837292653398,8.10777424293751,4.357054677917732,-7.870264553955711e-17,-6.194106414925169e-33,8.928870199783551,1.0754751742945843,87.11674585306795,45.17226255382723,43.693002580830466,45.836551817039854,4.477504354063027,3.8023332893401602,-1.5856338112939348e-08,-2.51423458351853e-16,10.885031285867731,1.0441878586174762,91.67310363407974,46.838314537188836,45.87873757770348,2.039867106710537,0.6283180411861831,0.33181485210327955,0.652136657338555,0.4252822198447038,2.3007325457051873,1.1213356506064867,2.9999999999999996,2.160079274007318,2.062414281799097,2.919962561129361,0.8998712385617195,0.5040491558650311,0.38425853049483705,0.1476546182580516,3.376000332204495,1.1522367370147197,5.0,3.134354700348263,2.956247395918256,3.881676177837367,0.8800623722433195,0.8181279225336117,0.20687577542412455,0.042797586457332816,4.227322300965382,1.1299064977783078,7.0,4.126107658160581,3.9128009726424713,6.463647601897427,0.9925831251887711,0.7769287562428988,0.0036076398274744285,1.3015065124779725e-05,2.8514004590483943,1.04077158530916,8.999999999999996,6.594097800051359,6.475324674076124,6.124397989579336,1.0000000000000004,1.0000000000000002,0.012536413157633331,0.0001571616548588821,4.853804383209333,1.0995449547098026,11.0,6.421994071579276,6.154270472238665,0.06621439787843247,0.162053664462324,0.19938468876404566,0.13255375033984523,0.08311371229518352,0.0,0.0,0.0
"('Microsoft_4', 'Tabular', 'Commercial')",9.687902116859966,7.931693325038091,5.458380613095721,2.2132331791398634e-24,4.898401105245547e-48,16.15811360862155,2.533066081758624,15.418886161546343,11.960444428065273,9.00552637772086,7.9322302581458946,6.318803310440212,1.760984099117638e-21,3.101064997345159e-42,16.544037819785647,2.8915637968150176,49.999999999999986,15.313536285921929,11.753804395906823,13.85327195241842,10.496742374641766,7.313412707179667,2.3775217830242627e-31,5.65260982875487e-62,10.122998445215869,2.021266657625261,49.99999999999999,19.695370996710015,16.241549892619226,7.661864535352032,6.048143660055526,4.714925251912457,1.022013083026026e-09,1.0445107418763628e-18,24.759747740429386,2.7542960234208422,50.0,12.715685467800878,9.541036897457012,11.618954565749503,8.608358525378222,6.810138251175123,1.006388304027066e-15,1.0128174184824743e-30,15.129854899654292,2.1409548889244094,50.00000000000001,17.000856897088642,13.744380906312806,156.09192926392842,156.09192926392836,4.2696557620911975e-14,-0.0,-0.0,2.00000000000004,2.0000000000000053,312.1838585278569,220.74732334202935,196.66350739832487,6406.628844599826,793.0797576281,594.1065622654361,-1.3204288985124448e+47,-1.743532476026788e+94,10.833653990369777,1.0495213410340296,12813.257689199652,6563.344521200046,6414.99238352127,396756.7864751462,69009.68046106871,49883.02587532765,-1.9922957132116904e+88,9.212406427379232,1.076496671604381,793513.5729502925,411652.4549471452,397985.93704833824,43.362447585452294,8.359132621336345,5.4951201397773035,-2.970623517169914e-23,-8.82460408076295e-46,8.245846811834543,1.0878525537412562,86.72489517090459,45.22710670449015,43.53147026731257,45.31350575492738,5.836186294360436,4.585518395930814,-3.164383415091704e-13,-1.0013322397707435e-25,10.080711311022016,1.0552050810180666,90.62701150985477,46.54747209780813,45.38294000487598,1.7996841354957327,0.8333630323727961,0.3669528321314711,0.7418573123857105,0.5503522719401497,2.507710859061385,1.2559998147253533,3.0,2.01693116201072,1.8621414924154336,2.7334349287570894,0.9221258466324193,0.7207501720915395,0.3849998116800351,0.1482248549936625,3.5144691021936296,1.2135540665762765,5.000000000000001,3.0111910063973033,2.7880346377686993,3.539990759798126,1.0195691149517352,0.7752444615645564,0.27328924477795846,0.07468701131130691,4.6350343199363735,1.1893650250657097,7.000000000000001,3.8606435913208355,3.588882366156469,6.496871019078996,1.003032142705687,0.7914382499527474,0.002882099305308538,8.306496405659957e-06,2.7959991119925496,1.0409927252369062,9.0,6.628695846863908,6.508852500786433,7.2433865015752374,1.0000000000000002,1.0,0.003963254727081529,1.5707388031734085e-05,3.7456349515835266,1.0467922155723275,11.000000000000002,7.410916185958387,7.256891450109743,1.2640786530740198,3.3598722540573687,0.19375804233719962,0.15863386650076222,0.10916761226191464,0.0,0.0,0.0
"('Microsoft_5', 'Tabular', 'Commercial')",10.552281234010792,5.284514289563064,5.042276150793496,2.9971920259870012e-18,8.983160040640064e-36,18.788857795582434,1.922148880086245,14.62984984595662,11.616483198015997,9.534818490351203,6.682001039471289,4.155455851296224,8.711809067426239e-17,7.589561722729003e-33,19.951507025917305,2.2022411181884154,49.99999999999999,14.149622831186567,11.035961130065036,14.253939873931925,8.002367418912293,6.1204571000181,2.9856172385722404e-26,8.91391029525973e-52,12.031192060649095,1.7019104060422194,50.0,18.595303429889636,15.547120219703558,7.899198925320514,4.781598876982833,3.3501046914760226,5.511589601830827e-08,3.037761993900969e-15,27.859951107567664,2.262964022849654,49.99999999999999,11.882884491065486,8.973867672087868,12.052299535538886,6.764018456534598,5.2551172299672455,1.319542289874084e-13,1.7411918547661406e-26,17.34558495091799,1.7859353148620263,50.00000000000001,16.106559421665718,13.221708559367341,153.74221618622178,153.74221618622173,3.188939734279363e-14,0.0,0.0,2.000000000000037,2.0000000000000027,307.4844323724436,217.42432723985118,193.703054430509,6377.92365501218,726.8876519977263,535.8204105543379,-8.850183782925531e+48,-7.832575299155807e+97,11.38379601343605,1.0431171355645465,12755.84731002436,6513.971531680797,6384.270254698125,391291.6147973632,68438.63796983681,48924.5768628588,-8.181984428492733e+90,9.851843425767495,1.069013625612714,782583.2295947262,404568.5897784778,392389.6478249281,42.77525018265519,6.494854745223713,5.20950910629103,-1.6805636109782636e-17,-2.8242940505443e-34,9.102477405944036,1.0696788845065455,85.55050036531037,44.240422896599725,42.879056930250165,45.83296099594209,6.235085340046591,3.605886149685792,-1.0110390979223363e-09,-1.0222000575276114e-18,10.629480520003531,1.04966179371146,91.6659219918842,46.95724515780457,45.89479886689001,2.073777565831171,0.6484031428886609,0.2778192912801686,0.6112021048028494,0.3735680129154333,2.2404456439400975,1.1157084098009233,3.0000000000000004,2.1904710878849705,2.0963231335934673,3.004320043406386,0.9841005089011111,0.4271581230243927,0.3262517618592649,0.1064402121162745,3.213373653812048,1.1466776473979337,5.000000000000001,3.2171170961013718,3.043789091059289,3.737225457258545,0.9181259075361526,0.7563314472375593,0.2274842982690692,0.051749105958970844,4.392772083844849,1.1520375774122449,7.0,4.01127670232437,3.7740723358651125,6.998870125979802,0.8575635840291181,0.30703312658766874,0.0026606382383449543,7.078995835343341e-06,2.4908599895939405,1.0198063063897678,8.999999999999998,7.067841168127777,7.003537337194309,5.511597552362076,1.0000000000004101,1.0,0.021751576139617295,0.00047313106455756845,5.572361410339133,1.1426650896883934,11.0,5.8916505289705094,5.5533502205405965,0.02161757396845118,0.04285114302182497,0.21104562468021776,0.10569028579126208,0.10084552301587071,0.0,0.0,0.0
